date,bucket,series_type,value
2020-04-02,Low Volatility,cum_ret,1.0233880713036265
2020-04-03,Low Volatility,cum_ret,1.0092175362282032
2020-04-06,Low Volatility,cum_ret,1.0496642838816825
2020-04-07,Low Volatility,cum_ret,1.0424695298714883
2020-04-08,Low Volatility,cum_ret,1.0699720639041794
2020-04-09,Low Volatility,cum_ret,1.0947686286030278
2020-04-13,Low Volatility,cum_ret,1.0788445442054437
2020-04-14,Low Volatility,cum_ret,1.103399151188473
2020-04-15,Low Volatility,cum_ret,1.0870095534132171
2020-04-16,Low Volatility,cum_ret,1.0924647516888262
2020-04-17,Low Volatility,cum_ret,1.1063740568265896
2020-04-20,Low Volatility,cum_ret,1.0859043080538822
2020-04-21,Low Volatility,cum_ret,1.06893854228485
2020-04-22,Low Volatility,cum_ret,1.083067706249085
2020-04-23,Low Volatility,cum_ret,1.075300398936576
2020-04-24,Low Volatility,cum_ret,1.0790594915716893
2020-04-27,Low Volatility,cum_ret,1.0817650681935949
2020-04-28,Low Volatility,cum_ret,1.0834455975697355
2020-04-29,Low Volatility,cum_ret,1.0812854012139579
2020-04-30,Low Volatility,cum_ret,1.0700949025514472
2020-05-01,Low Volatility,cum_ret,1.0574279039261238
2020-05-04,Low Volatility,cum_ret,1.058198651740729
2020-05-05,Low Volatility,cum_ret,1.064683212441319
2020-05-06,Low Volatility,cum_ret,1.0464227027978605
2020-05-07,Low Volatility,cum_ret,1.0507106268463133
2020-05-08,Low Volatility,cum_ret,1.0597911404747022
2020-05-11,Low Volatility,cum_ret,1.058791366807132
2020-05-12,Low Volatility,cum_ret,1.0528312416806467
2020-05-13,Low Volatility,cum_ret,1.0465616595263683
2020-05-14,Low Volatility,cum_ret,1.051813653645225
2020-05-15,Low Volatility,cum_ret,1.0504281020062156
2020-05-18,Low Volatility,cum_ret,1.0691441686919068
2020-05-19,Low Volatility,cum_ret,1.0575383297140346
2020-05-20,Low Volatility,cum_ret,1.063965990114414
2020-05-21,Low Volatility,cum_ret,1.0591984141687703
2020-05-22,Low Volatility,cum_ret,1.0619413929747228
2020-05-26,Low Volatility,cum_ret,1.066672454541352
2020-05-27,Low Volatility,cum_ret,1.0734520946896076
2020-05-28,Low Volatility,cum_ret,1.0857841980773755
2020-05-29,Low Volatility,cum_ret,1.0935785259719069
2020-06-01,Low Volatility,cum_ret,1.0947695479648323
2020-06-02,Low Volatility,cum_ret,1.0997644197949563
2020-06-03,Low Volatility,cum_ret,1.1065813319060969
2020-06-04,Low Volatility,cum_ret,1.1010189701632804
2020-06-05,Low Volatility,cum_ret,1.111347723442922
2020-06-08,Low Volatility,cum_ret,1.1217100620738794
2020-06-09,Low Volatility,cum_ret,1.1134119916549263
2020-06-10,Low Volatility,cum_ret,1.1134684675548887
2020-06-11,Low Volatility,cum_ret,1.0806488370194718
2020-06-12,Low Volatility,cum_ret,1.0819167256548525
2020-06-15,Low Volatility,cum_ret,1.0848102599683127
2020-06-16,Low Volatility,cum_ret,1.0921720852870231
2020-06-17,Low Volatility,cum_ret,1.0891017022000387
2020-06-18,Low Volatility,cum_ret,1.0892457035992587
2020-06-19,Low Volatility,cum_ret,1.0785728511648016
2020-06-22,Low Volatility,cum_ret,1.0818539597718058
2020-06-23,Low Volatility,cum_ret,1.078705902406202
2020-06-24,Low Volatility,cum_ret,1.0678504541665061
2020-06-25,Low Volatility,cum_ret,1.0671231747993777
2020-06-26,Low Volatility,cum_ret,1.0599990593434054
2020-06-29,Low Volatility,cum_ret,1.0703612017822417
2020-06-30,Low Volatility,cum_ret,1.077839222061506
2020-07-01,Low Volatility,cum_ret,1.083553590853882
2020-07-02,Low Volatility,cum_ret,1.0868557758375392
2020-07-06,Low Volatility,cum_ret,1.0862359778493633
2020-07-07,Low Volatility,cum_ret,1.0871551347912904
2020-07-08,Low Volatility,cum_ret,1.0877396198924554
2020-07-09,Low Volatility,cum_ret,1.0824830086170054
2020-07-10,Low Volatility,cum_ret,1.0912276890689971
2020-07-13,Low Volatility,cum_ret,1.091278961358606
2020-07-14,Low Volatility,cum_ret,1.1017212562502867
2020-07-15,Low Volatility,cum_ret,1.1024472252451025
2020-07-16,Low Volatility,cum_ret,1.1065100008058533
2020-07-17,Low Volatility,cum_ret,1.1161961213679463
2020-07-20,Low Volatility,cum_ret,1.110886929817073
2020-07-21,Low Volatility,cum_ret,1.1169214998595063
2020-07-22,Low Volatility,cum_ret,1.1274790074425871
2020-07-23,Low Volatility,cum_ret,1.1285604654249226
2020-07-24,Low Volatility,cum_ret,1.1256903972139263
2020-07-27,Low Volatility,cum_ret,1.1235693206588937
2020-07-28,Low Volatility,cum_ret,1.1299869331419319
2020-07-29,Low Volatility,cum_ret,1.1336613744841142
2020-07-30,Low Volatility,cum_ret,1.1327346522473425
2020-07-31,Low Volatility,cum_ret,1.1331548596469774
2020-08-03,Low Volatility,cum_ret,1.131664242241956
2020-08-04,Low Volatility,cum_ret,1.1379247620860045
2020-08-05,Low Volatility,cum_ret,1.1332437889224574
2020-08-06,Low Volatility,cum_ret,1.1366685470680007
2020-08-07,Low Volatility,cum_ret,1.1447731486167374
2020-08-10,Low Volatility,cum_ret,1.1443384258012537
2020-08-11,Low Volatility,cum_ret,1.130868822167351
2020-08-12,Low Volatility,cum_ret,1.1392086667082866
2020-08-13,Low Volatility,cum_ret,1.137090444122123
2020-08-14,Low Volatility,cum_ret,1.1349746466301458
2020-08-17,Low Volatility,cum_ret,1.1387033571324396
2020-08-18,Low Volatility,cum_ret,1.1389756586475452
2020-08-19,Low Volatility,cum_ret,1.1344261347661928
2020-08-20,Low Volatility,cum_ret,1.1324677821252125
2020-08-21,Low Volatility,cum_ret,1.1347336774663273
2020-08-24,Low Volatility,cum_ret,1.141416218595359
2020-08-25,Low Volatility,cum_ret,1.1388471610277484
2020-08-26,Low Volatility,cum_ret,1.136512040138986
2020-08-27,Low Volatility,cum_ret,1.137585649927148
2020-08-28,Low Volatility,cum_ret,1.142816416917918
2020-08-31,Low Volatility,cum_ret,1.1436939815423344
2020-09-01,Low Volatility,cum_ret,1.1412930844102698
2020-09-02,Low Volatility,cum_ret,1.1579859866296403
2020-09-03,Low Volatility,cum_ret,1.1477214736414185
2020-09-04,Low Volatility,cum_ret,1.1438094396375222
2020-09-08,Low Volatility,cum_ret,1.1354348889429233
2020-09-09,Low Volatility,cum_ret,1.1464229544814486
2020-09-10,Low Volatility,cum_ret,1.1358558232965392
2020-09-11,Low Volatility,cum_ret,1.140413530439115
2020-09-14,Low Volatility,cum_ret,1.148646724485381
2020-09-15,Low Volatility,cum_ret,1.150761665311733
2020-09-16,Low Volatility,cum_ret,1.152396759583412
2020-09-17,Low Volatility,cum_ret,1.14750210149995
2020-09-18,Low Volatility,cum_ret,1.1406621790782097
2020-09-21,Low Volatility,cum_ret,1.1320517732401727
2020-09-22,Low Volatility,cum_ret,1.135142945727027
2020-09-23,Low Volatility,cum_ret,1.1224770156815744
2020-09-24,Low Volatility,cum_ret,1.1262367028990126
2020-09-25,Low Volatility,cum_ret,1.1340181035970742
2020-09-28,Low Volatility,cum_ret,1.140026682960114
2020-09-29,Low Volatility,cum_ret,1.1378309738756964
2020-09-30,Low Volatility,cum_ret,1.1461703191271089
2020-10-01,Low Volatility,cum_ret,1.1501093515455736
2020-10-02,Low Volatility,cum_ret,1.1511759441245517
2020-10-05,Low Volatility,cum_ret,1.1570157149848788
2020-10-06,Low Volatility,cum_ret,1.1555446764892672
2020-10-07,Low Volatility,cum_ret,1.1596648785677057
2020-10-08,Low Volatility,cum_ret,1.168108689518902
2020-10-09,Low Volatility,cum_ret,1.1709943062400916
2020-10-12,Low Volatility,cum_ret,1.1769904753332814
2020-10-13,Low Volatility,cum_ret,1.1718873354270816
2020-10-14,Low Volatility,cum_ret,1.169020860172687
2020-10-15,Low Volatility,cum_ret,1.1678590936172373
2020-10-16,Low Volatility,cum_ret,1.1711281511105927
2020-10-19,Low Volatility,cum_ret,1.1611895360538083
2020-10-20,Low Volatility,cum_ret,1.1629758590399903
2020-10-21,Low Volatility,cum_ret,1.1615400845501997
2020-10-22,Low Volatility,cum_ret,1.1692063628114318
2020-10-23,Low Volatility,cum_ret,1.1705022256540738
2020-10-26,Low Volatility,cum_ret,1.1652751176729712
2020-10-27,Low Volatility,cum_ret,1.1634116319154488
2020-10-28,Low Volatility,cum_ret,1.1401408711740073
2020-10-29,Low Volatility,cum_ret,1.1407538312634227
2020-10-30,Low Volatility,cum_ret,1.1390755330949827
2020-11-02,Low Volatility,cum_ret,1.1536253419068534
2020-11-03,Low Volatility,cum_ret,1.1637660112385797
2020-11-04,Low Volatility,cum_ret,1.1666165616784063
2020-11-05,Low Volatility,cum_ret,1.1740268945884733
2020-11-06,Low Volatility,cum_ret,1.174469415557184
2020-11-09,Low Volatility,cum_ret,1.1832040893953955
2020-11-10,Low Volatility,cum_ret,1.1969920773561324
2020-11-11,Low Volatility,cum_ret,1.1990254751977976
2020-11-12,Low Volatility,cum_ret,1.191001569339853
2020-11-13,Low Volatility,cum_ret,1.1974269410011893
2020-11-16,Low Volatility,cum_ret,1.2028575628041887
2020-11-17,Low Volatility,cum_ret,1.1931709130179655
2020-11-18,Low Volatility,cum_ret,1.1804361801877783
2020-11-19,Low Volatility,cum_ret,1.1788254106739249
2020-11-20,Low Volatility,cum_ret,1.1786514882901231
2020-11-23,Low Volatility,cum_ret,1.1788674005382414
2020-11-24,Low Volatility,cum_ret,1.1851487928915976
2020-11-25,Low Volatility,cum_ret,1.1850846940629078
2020-11-27,Low Volatility,cum_ret,1.1828619726783214
2020-11-30,Low Volatility,cum_ret,1.1792192459769968
2020-12-01,Low Volatility,cum_ret,1.1842906029812932
2020-12-02,Low Volatility,cum_ret,1.1842122547719334
2020-12-03,Low Volatility,cum_ret,1.1810272545696923
2020-12-04,Low Volatility,cum_ret,1.1784141668815415
2020-12-07,Low Volatility,cum_ret,1.1787696286155238
2020-12-08,Low Volatility,cum_ret,1.180149522316052
2020-12-09,Low Volatility,cum_ret,1.1780669206366468
2020-12-10,Low Volatility,cum_ret,1.1736632225166337
2020-12-11,Low Volatility,cum_ret,1.1753213859989968
2020-12-14,Low Volatility,cum_ret,1.1692766229990845
2020-12-15,Low Volatility,cum_ret,1.1777781361969817
2020-12-16,Low Volatility,cum_ret,1.1719237885088571
2020-12-17,Low Volatility,cum_ret,1.1770355083965238
2020-12-18,Low Volatility,cum_ret,1.174247644268471
2020-12-21,Low Volatility,cum_ret,1.1653947180968387
2020-12-22,Low Volatility,cum_ret,1.1614222063238346
2020-12-23,Low Volatility,cum_ret,1.161036022333675
2020-12-24,Low Volatility,cum_ret,1.1658852628341083
2020-12-28,Low Volatility,cum_ret,1.170796473046414
2020-12-29,Low Volatility,cum_ret,1.1713148988258029
2020-12-30,Low Volatility,cum_ret,1.1734900430131372
2020-12-31,Low Volatility,cum_ret,1.1832201174059787
2021-01-04,Low Volatility,cum_ret,1.1718586409468055
2021-01-05,Low Volatility,cum_ret,1.1711085864618607
2021-01-06,Low Volatility,cum_ret,1.175752439825902
2021-01-07,Low Volatility,cum_ret,1.1703880643765223
2021-01-08,Low Volatility,cum_ret,1.171666904544289
2021-01-11,Low Volatility,cum_ret,1.165791634517203
2021-01-12,Low Volatility,cum_ret,1.1605978142729114
2021-01-13,Low Volatility,cum_ret,1.167654870044423
2021-01-14,Low Volatility,cum_ret,1.163453990290833
2021-01-15,Low Volatility,cum_ret,1.1664653268934426
2021-01-19,Low Volatility,cum_ret,1.1660874040667581
2021-01-20,Low Volatility,cum_ret,1.1700794183373462
2021-01-21,Low Volatility,cum_ret,1.1655270807418412
2021-01-22,Low Volatility,cum_ret,1.1652520286328738
2021-01-25,Low Volatility,cum_ret,1.17368803298467
2021-01-26,Low Volatility,cum_ret,1.1719485256774107
2021-01-27,Low Volatility,cum_ret,1.1554196395844925
2021-01-28,Low Volatility,cum_ret,1.1583281054869459
2021-01-29,Low Volatility,cum_ret,1.1515684240910238
2021-02-01,Low Volatility,cum_ret,1.1539008249579572
2021-02-02,Low Volatility,cum_ret,1.1571412050351453
2021-02-03,Low Volatility,cum_ret,1.1566862515406917
2021-02-04,Low Volatility,cum_ret,1.1607129441439639
2021-02-05,Low Volatility,cum_ret,1.1647493599735994
2021-02-08,Low Volatility,cum_ret,1.1629045060536913
2021-02-09,Low Volatility,cum_ret,1.162738449564058
2021-02-10,Low Volatility,cum_ret,1.1625061943620607
2021-02-11,Low Volatility,cum_ret,1.1586873324057125
2021-02-12,Low Volatility,cum_ret,1.1559114039288105
2021-02-16,Low Volatility,cum_ret,1.1510323653860823
2021-02-17,Low Volatility,cum_ret,1.1570106542720704
2021-02-18,Low Volatility,cum_ret,1.1582031172710596
2021-02-19,Low Volatility,cum_ret,1.1471882551372716
2021-02-22,Low Volatility,cum_ret,1.144082729495363
2021-02-23,Low Volatility,cum_ret,1.145841470589058
2021-02-24,Low Volatility,cum_ret,1.1433973641224418
2021-02-25,Low Volatility,cum_ret,1.1339563261709273
2021-02-26,Low Volatility,cum_ret,1.120927857852117
2021-03-01,Low Volatility,cum_ret,1.1310888503408547
2021-03-02,Low Volatility,cum_ret,1.1307473340378504
2021-03-03,Low Volatility,cum_ret,1.1244321147381366
2021-03-04,Low Volatility,cum_ret,1.1210470028455934
2021-03-05,Low Volatility,cum_ret,1.1370788107699041
2021-03-08,Low Volatility,cum_ret,1.1431435611787073
2021-03-09,Low Volatility,cum_ret,1.1458746188756244
2021-03-10,Low Volatility,cum_ret,1.1549523081735726
2021-03-11,Low Volatility,cum_ret,1.1507676785608547
2021-03-12,Low Volatility,cum_ret,1.1556517924577856
2021-03-15,Low Volatility,cum_ret,1.1633173404946866
2021-03-16,Low Volatility,cum_ret,1.1642546453627054
2021-03-17,Low Volatility,cum_ret,1.157537555148251
2021-03-18,Low Volatility,cum_ret,1.154624685627272
2021-03-19,Low Volatility,cum_ret,1.1570107595425663
2021-03-22,Low Volatility,cum_ret,1.1627892373541708
2021-03-23,Low Volatility,cum_ret,1.1702900382763346
2021-03-24,Low Volatility,cum_ret,1.172591663349682
2021-03-25,Low Volatility,cum_ret,1.1773081759948423
2021-03-26,Low Volatility,cum_ret,1.1866222697610318
2021-03-29,Low Volatility,cum_ret,1.1943581551496572
2021-03-30,Low Volatility,cum_ret,1.1854249981122513
2021-03-31,Low Volatility,cum_ret,1.1865081251061163
2021-04-01,Low Volatility,cum_ret,1.189382401441183
2021-04-05,Low Volatility,cum_ret,1.1955143269251551
2021-04-06,Low Volatility,cum_ret,1.1989834554386942
2021-04-07,Low Volatility,cum_ret,1.1980388249946523
2021-04-08,Low Volatility,cum_ret,1.1969047232173937
2021-04-09,Low Volatility,cum_ret,1.197481777520055
2021-04-12,Low Volatility,cum_ret,1.1987488436036662
2021-04-13,Low Volatility,cum_ret,1.2023499804609303
2021-04-14,Low Volatility,cum_ret,1.2033838805854487
2021-04-15,Low Volatility,cum_ret,1.2125777033045075
2021-04-16,Low Volatility,cum_ret,1.2181215425547776
2021-04-19,Low Volatility,cum_ret,1.2171246003002165
2021-04-20,Low Volatility,cum_ret,1.2253815690785788
2021-04-21,Low Volatility,cum_ret,1.2263626472711397
2021-04-22,Low Volatility,cum_ret,1.2226083123275449
2021-04-23,Low Volatility,cum_ret,1.2229507677153941
2021-04-26,Low Volatility,cum_ret,1.2154743331418763
2021-04-27,Low Volatility,cum_ret,1.2125659227981407
2021-04-28,Low Volatility,cum_ret,1.2113725398602435
2021-04-29,Low Volatility,cum_ret,1.2180224287320467
2021-04-30,Low Volatility,cum_ret,1.222061916454608
2021-05-03,Low Volatility,cum_ret,1.2302748993723405
2021-05-04,Low Volatility,cum_ret,1.2310279581933878
2021-05-05,Low Volatility,cum_ret,1.2284456902257694
2021-05-06,Low Volatility,cum_ret,1.237184237626436
2021-05-07,Low Volatility,cum_ret,1.237431086745837
2021-05-10,Low Volatility,cum_ret,1.2453612596616228
2021-05-11,Low Volatility,cum_ret,1.2348962599942908
2021-05-12,Low Volatility,cum_ret,1.2215786365879626
2021-05-13,Low Volatility,cum_ret,1.2339411210010252
2021-05-14,Low Volatility,cum_ret,1.2376104293232366
2021-05-17,Low Volatility,cum_ret,1.2340562089968234
2021-05-18,Low Volatility,cum_ret,1.230545389625619
2021-05-19,Low Volatility,cum_ret,1.2260700067120742
2021-05-20,Low Volatility,cum_ret,1.233166560127805
2021-05-21,Low Volatility,cum_ret,1.2355327642903688
2021-05-24,Low Volatility,cum_ret,1.235532319025238
2021-05-25,Low Volatility,cum_ret,1.232096799803587
2021-05-26,Low Volatility,cum_ret,1.2307233735164993
2021-05-27,Low Volatility,cum_ret,1.2272584238205484
2021-05-28,Low Volatility,cum_ret,1.2288873765726318
2021-06-01,Low Volatility,cum_ret,1.2245660485877352
2021-06-02,Low Volatility,cum_ret,1.229148138372724
2021-06-03,Low Volatility,cum_ret,1.2317062229197377
2021-06-04,Low Volatility,cum_ret,1.2351884975648146
2021-06-07,Low Volatility,cum_ret,1.2326209854878454
2021-06-08,Low Volatility,cum_ret,1.2261079010211016
2021-06-09,Low Volatility,cum_ret,1.2302187689410728
2021-06-10,Low Volatility,cum_ret,1.2368561770217799
2021-06-11,Low Volatility,cum_ret,1.2369742086075357
2021-06-14,Low Volatility,cum_ret,1.2361020337297408
2021-06-15,Low Volatility,cum_ret,1.237476650202326
2021-06-16,Low Volatility,cum_ret,1.226842676278234
2021-06-17,Low Volatility,cum_ret,1.2278826353687122
2021-06-18,Low Volatility,cum_ret,1.2130087596282044
2021-06-21,Low Volatility,cum_ret,1.2228998031086187
2021-06-22,Low Volatility,cum_ret,1.2222518072546118
2021-06-23,Low Volatility,cum_ret,1.2154913063485617
2021-06-24,Low Volatility,cum_ret,1.217520684852542
2021-06-25,Low Volatility,cum_ret,1.222102868857906
2021-06-28,Low Volatility,cum_ret,1.2232136255003183
2021-06-29,Low Volatility,cum_ret,1.2164995042024476
2021-06-30,Low Volatility,cum_ret,1.2202906324492462
2021-07-01,Low Volatility,cum_ret,1.225823397496821
2021-07-02,Low Volatility,cum_ret,1.2302815314529316
2021-07-06,Low Volatility,cum_ret,1.2317532029817013
2021-07-07,Low Volatility,cum_ret,1.237835287702701
2021-07-08,Low Volatility,cum_ret,1.2357881690359531
2021-07-09,Low Volatility,cum_ret,1.2381507327824173
2021-07-12,Low Volatility,cum_ret,1.2387458808866654
2021-07-13,Low Volatility,cum_ret,1.2369404704810956
2021-07-14,Low Volatility,cum_ret,1.2444737175975795
2021-07-15,Low Volatility,cum_ret,1.251010600200849
2021-07-16,Low Volatility,cum_ret,1.253248018763215
2021-07-19,Low Volatility,cum_ret,1.244300345681957
2021-07-20,Low Volatility,cum_ret,1.2470490047266862
2021-07-21,Low Volatility,cum_ret,1.2440401979487057
2021-07-22,Low Volatility,cum_ret,1.246479470283946
2021-07-23,Low Volatility,cum_ret,1.2558693481125103
2021-07-26,Low Volatility,cum_ret,1.2558904276298086
2021-07-27,Low Volatility,cum_ret,1.2651296907573832
2021-07-28,Low Volatility,cum_ret,1.2591592403936633
2021-07-29,Low Volatility,cum_ret,1.261680108715775
2021-07-30,Low Volatility,cum_ret,1.2599647155035136
2021-08-02,Low Volatility,cum_ret,1.2611196628474184
2021-08-03,Low Volatility,cum_ret,1.2670758898118542
2021-08-04,Low Volatility,cum_ret,1.262112667565754
2021-08-05,Low Volatility,cum_ret,1.26699854910041
2021-08-06,Low Volatility,cum_ret,1.263114489403005
2021-08-09,Low Volatility,cum_ret,1.2611786085397163
2021-08-10,Low Volatility,cum_ret,1.2631564780999722
2021-08-11,Low Volatility,cum_ret,1.2679015341804265
2021-08-12,Low Volatility,cum_ret,1.2697062854521075
2021-08-13,Low Volatility,cum_ret,1.2761446431328618
2021-08-16,Low Volatility,cum_ret,1.284153767765458
2021-08-17,Low Volatility,cum_ret,1.284608337593581
2021-08-18,Low Volatility,cum_ret,1.2750692024215506
2021-08-19,Low Volatility,cum_ret,1.279911903844492
2021-08-20,Low Volatility,cum_ret,1.2842656983826328
2021-08-23,Low Volatility,cum_ret,1.2802949490176074
2021-08-24,Low Volatility,cum_ret,1.2750924161069324
2021-08-25,Low Volatility,cum_ret,1.2746999750123547
2021-08-26,Low Volatility,cum_ret,1.271566960083616
2021-08-27,Low Volatility,cum_ret,1.274369994288253
2021-08-30,Low Volatility,cum_ret,1.2781143455996775
2021-08-31,Low Volatility,cum_ret,1.277256971974398
2021-09-01,Low Volatility,cum_ret,1.2800409268279072
2021-09-02,Low Volatility,cum_ret,1.28617855893023
2021-09-03,Low Volatility,cum_ret,1.2825244266204536
2021-09-07,Low Volatility,cum_ret,1.2677345770514923
2021-09-08,Low Volatility,cum_ret,1.278776817225901
2021-09-09,Low Volatility,cum_ret,1.274026267066053
2021-09-10,Low Volatility,cum_ret,1.2672093911346731
2021-09-13,Low Volatility,cum_ret,1.2677610712563252
2021-09-14,Low Volatility,cum_ret,1.2658716579344402
2021-09-15,Low Volatility,cum_ret,1.2669321601624612
2021-09-16,Low Volatility,cum_ret,1.261322233754545
2021-09-17,Low Volatility,cum_ret,1.2531372784189427
2021-09-20,Low Volatility,cum_ret,1.2504190764752077
2021-09-21,Low Volatility,cum_ret,1.2499646198983154
2021-09-22,Low Volatility,cum_ret,1.2511729621962944
2021-09-23,Low Volatility,cum_ret,1.2503272324341546
2021-09-24,Low Volatility,cum_ret,1.2505595783017687
2021-09-27,Low Volatility,cum_ret,1.243707951823315
2021-09-28,Low Volatility,cum_ret,1.2335624698946384
2021-09-29,Low Volatility,cum_ret,1.242454647132782
2021-09-30,Low Volatility,cum_ret,1.234429106942489
2021-10-01,Low Volatility,cum_ret,1.2390709140023592
2021-10-04,Low Volatility,cum_ret,1.2435786381345386
2021-10-05,Low Volatility,cum_ret,1.2441087191795819
2021-10-06,Low Volatility,cum_ret,1.2523810153303623
2021-10-07,Low Volatility,cum_ret,1.2546477741237683
2021-10-08,Low Volatility,cum_ret,1.2500221219417513
2021-10-11,Low Volatility,cum_ret,1.2430498345536583
2021-10-12,Low Volatility,cum_ret,1.243305191414727
2021-10-13,Low Volatility,cum_ret,1.2474981507904765
2021-10-14,Low Volatility,cum_ret,1.256257405475367
2021-10-15,Low Volatility,cum_ret,1.25376080595494
2021-10-18,Low Volatility,cum_ret,1.2471883394556693
2021-10-19,Low Volatility,cum_ret,1.2559219907315338
2021-10-20,Low Volatility,cum_ret,1.2647661075414693
2021-10-21,Low Volatility,cum_ret,1.2652568815267429
2021-10-22,Low Volatility,cum_ret,1.2693410404310381
2021-10-25,Low Volatility,cum_ret,1.266402194728994
2021-10-26,Low Volatility,cum_ret,1.2685867135648194
2021-10-27,Low Volatility,cum_ret,1.2649248394926211
2021-10-28,Low Volatility,cum_ret,1.2722274592215372
2021-10-29,Low Volatility,cum_ret,1.2742704822114463
2021-11-01,Low Volatility,cum_ret,1.2746681011687548
2021-11-02,Low Volatility,cum_ret,1.279885832363177
2021-11-03,Low Volatility,cum_ret,1.2762315570564902
2021-11-04,Low Volatility,cum_ret,1.2775999526862012
2021-11-05,Low Volatility,cum_ret,1.280957803871844
2021-11-08,Low Volatility,cum_ret,1.2735871515813566
2021-11-09,Low Volatility,cum_ret,1.2769976812483501
2021-11-10,Low Volatility,cum_ret,1.2811308115404239
2021-11-11,Low Volatility,cum_ret,1.275697230020239
2021-11-12,Low Volatility,cum_ret,1.2761094017580847
2021-11-15,Low Volatility,cum_ret,1.2793856919076825
2021-11-16,Low Volatility,cum_ret,1.2754545366404815
2021-11-17,Low Volatility,cum_ret,1.2762742418107984
2021-11-18,Low Volatility,cum_ret,1.2739999760145415
2021-11-19,Low Volatility,cum_ret,1.273473919429286
2021-11-22,Low Volatility,cum_ret,1.2780446711079303
2021-11-23,Low Volatility,cum_ret,1.2820661651232368
2021-11-24,Low Volatility,cum_ret,1.2813895275620262
2021-11-26,Low Volatility,cum_ret,1.2679703829346445
2021-11-29,Low Volatility,cum_ret,1.2731583630625949
2021-11-30,Low Volatility,cum_ret,1.2481494650869152
2021-12-01,Low Volatility,cum_ret,1.2461668039874694
2021-12-02,Low Volatility,cum_ret,1.2562235099901171
2021-12-03,Low Volatility,cum_ret,1.2677246741283603
2021-12-06,Low Volatility,cum_ret,1.2774703854692475
2021-12-07,Low Volatility,cum_ret,1.280657281959654
2021-12-08,Low Volatility,cum_ret,1.2790745170196813
2021-12-09,Low Volatility,cum_ret,1.2787891808207532
2021-12-10,Low Volatility,cum_ret,1.2884145019459892
2021-12-13,Low Volatility,cum_ret,1.2977170661998296
2021-12-14,Low Volatility,cum_ret,1.2961991697531312
2021-12-15,Low Volatility,cum_ret,1.3068851369485242
2021-12-16,Low Volatility,cum_ret,1.31723760644424
2021-12-17,Low Volatility,cum_ret,1.3035059250682408
2021-12-20,Low Volatility,cum_ret,1.3046119887667602
2021-12-21,Low Volatility,cum_ret,1.3020889759174452
2021-12-22,Low Volatility,cum_ret,1.3076151554730882
2021-12-23,Low Volatility,cum_ret,1.3083947881809594
2021-12-27,Low Volatility,cum_ret,1.3154785044924067
2021-12-28,Low Volatility,cum_ret,1.3209562563137274
2021-12-29,Low Volatility,cum_ret,1.3235217137745587
2021-12-30,Low Volatility,cum_ret,1.3244289085503993
2021-12-31,Low Volatility,cum_ret,1.3261718892542738
2022-01-03,Low Volatility,cum_ret,1.3196770039959906
2022-01-04,Low Volatility,cum_ret,1.321198702663042
2022-01-05,Low Volatility,cum_ret,1.3231449652572074
2022-01-06,Low Volatility,cum_ret,1.320848753585002
2022-01-07,Low Volatility,cum_ret,1.324793679298902
2022-01-10,Low Volatility,cum_ret,1.3205345366671244
2022-01-11,Low Volatility,cum_ret,1.3169154871630435
2022-01-12,Low Volatility,cum_ret,1.3180784277098303
2022-01-13,Low Volatility,cum_ret,1.319263804723672
2022-01-14,Low Volatility,cum_ret,1.3155720971555331
2022-01-18,Low Volatility,cum_ret,1.3060804135601785
2022-01-19,Low Volatility,cum_ret,1.308642835472659
2022-01-20,Low Volatility,cum_ret,1.3046000943214373
2022-01-21,Low Volatility,cum_ret,1.3034472600993718
2022-01-24,Low Volatility,cum_ret,1.2966500244740655
2022-01-25,Low Volatility,cum_ret,1.2927750539989167
2022-01-26,Low Volatility,cum_ret,1.2841790234245376
2022-01-27,Low Volatility,cum_ret,1.2889352184485574
2022-01-28,Low Volatility,cum_ret,1.303654191454762
2022-01-31,Low Volatility,cum_ret,1.311265114504823
2022-02-01,Low Volatility,cum_ret,1.3037983188436015
2022-02-02,Low Volatility,cum_ret,1.3149249247559274
2022-02-03,Low Volatility,cum_ret,1.311236462509747
2022-02-04,Low Volatility,cum_ret,1.3018460556653235
2022-02-07,Low Volatility,cum_ret,1.3014313105903226
2022-02-08,Low Volatility,cum_ret,1.302210334388439
2022-02-09,Low Volatility,cum_ret,1.3046998553324158
2022-02-10,Low Volatility,cum_ret,1.2852485331020027
2022-02-11,Low Volatility,cum_ret,1.2848657636263068
2022-02-14,Low Volatility,cum_ret,1.2774423734524658
2022-02-15,Low Volatility,cum_ret,1.2758517135182201
2022-02-16,Low Volatility,cum_ret,1.2762346461809906
2022-02-17,Low Volatility,cum_ret,1.2800624053117056
2022-02-18,Low Volatility,cum_ret,1.2833511758430538
2022-02-22,Low Volatility,cum_ret,1.2816837554543217
2022-02-23,Low Volatility,cum_ret,1.2715435134243234
2022-02-24,Low Volatility,cum_ret,1.268140473627496
2022-02-25,Low Volatility,cum_ret,1.293869704741987
2022-02-28,Low Volatility,cum_ret,1.2932385318893262
2022-03-01,Low Volatility,cum_ret,1.29228620833341
2022-03-02,Low Volatility,cum_ret,1.299607224470231
2022-03-03,Low Volatility,cum_ret,1.3114522538952285
2022-03-04,Low Volatility,cum_ret,1.326918987471048
2022-03-07,Low Volatility,cum_ret,1.3223876858300434
2022-03-08,Low Volatility,cum_ret,1.3036176336932792
2022-03-09,Low Volatility,cum_ret,1.3011452906643148
2022-03-10,Low Volatility,cum_ret,1.3017242393301165
2022-03-11,Low Volatility,cum_ret,1.3010021735369668
2022-03-14,Low Volatility,cum_ret,1.2995584477329865
2022-03-15,Low Volatility,cum_ret,1.310480012658573
2022-03-16,Low Volatility,cum_ret,1.3113985852833103
2022-03-17,Low Volatility,cum_ret,1.3204879818169273
2022-03-18,Low Volatility,cum_ret,1.3179929890299944
2022-03-21,Low Volatility,cum_ret,1.3191383987459313
2022-03-22,Low Volatility,cum_ret,1.3177583411010894
2022-03-23,Low Volatility,cum_ret,1.3189676742164962
2022-03-24,Low Volatility,cum_ret,1.3253554480170027
2022-03-25,Low Volatility,cum_ret,1.3327216621190852
2022-03-28,Low Volatility,cum_ret,1.3366871817578456
2022-03-29,Low Volatility,cum_ret,1.344532610213834
2022-03-30,Low Volatility,cum_ret,1.3526939690615254
2022-03-31,Low Volatility,cum_ret,1.3463553903859367
2020-05-14,Low Volatility,rolling_vol,0.23184374072609665
2020-05-15,Low Volatility,rolling_vol,0.2228550157101939
2020-05-18,Low Volatility,rolling_vol,0.22342434063419364
2020-05-19,Low Volatility,rolling_vol,0.19617214552019338
2020-05-20,Low Volatility,rolling_vol,0.1956706700040364
2020-05-21,Low Volatility,rolling_vol,0.1807233918382209
2020-05-22,Low Volatility,rolling_vol,0.1670902273668356
2020-05-26,Low Volatility,rolling_vol,0.1626542660837015
2020-05-27,Low Volatility,rolling_vol,0.14907093483892253
2020-05-28,Low Volatility,rolling_vol,0.14706734734520344
2020-05-29,Low Volatility,rolling_vol,0.14783675269002777
2020-06-01,Low Volatility,rolling_vol,0.1429796878913925
2020-06-02,Low Volatility,rolling_vol,0.13258324565229093
2020-06-03,Low Volatility,rolling_vol,0.12431825021506983
2020-06-04,Low Volatility,rolling_vol,0.12019149876684125
2020-06-05,Low Volatility,rolling_vol,0.12048573667337487
2020-06-08,Low Volatility,rolling_vol,0.12263416250806213
2020-06-09,Low Volatility,rolling_vol,0.12513256723314103
2020-06-10,Low Volatility,rolling_vol,0.12514660533822236
2020-06-11,Low Volatility,rolling_vol,0.15369285610660915
2020-06-12,Low Volatility,rolling_vol,0.15052617496035944
2020-06-15,Low Volatility,rolling_vol,0.14606022774300015
2020-06-16,Low Volatility,rolling_vol,0.1470596542763676
2020-06-17,Low Volatility,rolling_vol,0.14666763699484525
2020-06-18,Low Volatility,rolling_vol,0.13635921042206833
2020-06-19,Low Volatility,rolling_vol,0.13985205937251394
2020-06-22,Low Volatility,rolling_vol,0.13809689953285914
2020-06-23,Low Volatility,rolling_vol,0.13841676133696565
2020-06-24,Low Volatility,rolling_vol,0.14076115984669677
2020-06-25,Low Volatility,rolling_vol,0.1394855243754115
2020-06-26,Low Volatility,rolling_vol,0.14043004937168552
2020-06-29,Low Volatility,rolling_vol,0.14297870284733313
2020-06-30,Low Volatility,rolling_vol,0.1350450384196019
2020-07-01,Low Volatility,rolling_vol,0.13150235587447712
2020-07-02,Low Volatility,rolling_vol,0.130744391190443
2020-07-06,Low Volatility,rolling_vol,0.12988018695498013
2020-07-07,Low Volatility,rolling_vol,0.12977477203201945
2020-07-08,Low Volatility,rolling_vol,0.12930967862102882
2020-07-09,Low Volatility,rolling_vol,0.12909904326858412
2020-07-10,Low Volatility,rolling_vol,0.12691872180474342
2020-07-13,Low Volatility,rolling_vol,0.1251788586507804
2020-07-14,Low Volatility,rolling_vol,0.12820777163813807
2020-07-15,Low Volatility,rolling_vol,0.12755714372100158
2020-07-16,Low Volatility,rolling_vol,0.1267213888648232
2020-07-17,Low Volatility,rolling_vol,0.1282319894022865
2020-07-20,Low Volatility,rolling_vol,0.12624421523516877
2020-07-21,Low Volatility,rolling_vol,0.12425336683924444
2020-07-22,Low Volatility,rolling_vol,0.12525400585574856
2020-07-23,Low Volatility,rolling_vol,0.12525848391893907
2020-07-24,Low Volatility,rolling_vol,0.08681824972178442
2020-07-27,Low Volatility,rolling_vol,0.0873270593940584
2020-07-28,Low Volatility,rolling_vol,0.08818770393544809
2020-07-29,Low Volatility,rolling_vol,0.0868948211002009
2020-07-30,Low Volatility,rolling_vol,0.08627487227181645
2020-07-31,Low Volatility,rolling_vol,0.08624934193213292
2020-08-03,Low Volatility,rolling_vol,0.0799693743416228
2020-08-04,Low Volatility,rolling_vol,0.08067594978565168
2020-08-05,Low Volatility,rolling_vol,0.08134743347106206
2020-08-06,Low Volatility,rolling_vol,0.07336488280267142
2020-08-07,Low Volatility,rolling_vol,0.07428156508952105
2020-08-10,Low Volatility,rolling_vol,0.06971687012800502
2020-08-11,Low Volatility,rolling_vol,0.07796273186832947
2020-08-12,Low Volatility,rolling_vol,0.07819079673206586
2020-08-13,Low Volatility,rolling_vol,0.07820145659371602
2020-08-14,Low Volatility,rolling_vol,0.07870976149769461
2020-08-17,Low Volatility,rolling_vol,0.07864449076930599
2020-08-18,Low Volatility,rolling_vol,0.0787128278700487
2020-08-19,Low Volatility,rolling_vol,0.08030501992230327
2020-08-20,Low Volatility,rolling_vol,0.07869070025651748
2020-08-21,Low Volatility,rolling_vol,0.07623615936513539
2020-08-24,Low Volatility,rolling_vol,0.07726440596961409
2020-08-25,Low Volatility,rolling_vol,0.07410862483528083
2020-08-26,Low Volatility,rolling_vol,0.07466493720542418
2020-08-27,Low Volatility,rolling_vol,0.07423649386356769
2020-08-28,Low Volatility,rolling_vol,0.07138031118752007
2020-08-31,Low Volatility,rolling_vol,0.06941380465891234
2020-09-01,Low Volatility,rolling_vol,0.06864410658545275
2020-09-02,Low Volatility,rolling_vol,0.07552175712552466
2020-09-03,Low Volatility,rolling_vol,0.08067700986342356
2020-09-04,Low Volatility,rolling_vol,0.08100608403797042
2020-09-08,Low Volatility,rolling_vol,0.08391791559016543
2020-09-09,Low Volatility,rolling_vol,0.08682104178522103
2020-09-10,Low Volatility,rolling_vol,0.09083379936674245
2020-09-11,Low Volatility,rolling_vol,0.09149961708653871
2020-09-14,Low Volatility,rolling_vol,0.09370412254554401
2020-09-15,Low Volatility,rolling_vol,0.09363280003998427
2020-09-16,Low Volatility,rolling_vol,0.092493231348745
2020-09-17,Low Volatility,rolling_vol,0.09255136974109236
2020-09-18,Low Volatility,rolling_vol,0.09401567192478777
2020-09-21,Low Volatility,rolling_vol,0.09416267140110049
2020-09-22,Low Volatility,rolling_vol,0.09459009431151032
2020-09-23,Low Volatility,rolling_vol,0.09394614297893523
2020-09-24,Low Volatility,rolling_vol,0.09182582696428505
2020-09-25,Low Volatility,rolling_vol,0.09407296804359849
2020-09-28,Low Volatility,rolling_vol,0.0951769660819654
2020-09-29,Low Volatility,rolling_vol,0.09488421512806774
2020-09-30,Low Volatility,rolling_vol,0.09723467909395823
2020-10-01,Low Volatility,rolling_vol,0.09682222164723696
2020-10-02,Low Volatility,rolling_vol,0.0966069937263741
2020-10-05,Low Volatility,rolling_vol,0.09741104929381472
2020-10-06,Low Volatility,rolling_vol,0.09627601035372124
2020-10-07,Low Volatility,rolling_vol,0.09635259252156697
2020-10-08,Low Volatility,rolling_vol,0.09788673983878264
2020-10-09,Low Volatility,rolling_vol,0.09799029411483379
2020-10-12,Low Volatility,rolling_vol,0.09816874890885519
2020-10-13,Low Volatility,rolling_vol,0.09937680407351857
2020-10-14,Low Volatility,rolling_vol,0.0994704050022906
2020-10-15,Low Volatility,rolling_vol,0.09064679743059408
2020-10-16,Low Volatility,rolling_vol,0.08659496433742872
2020-10-19,Low Volatility,rolling_vol,0.08989292769834262
2020-10-20,Low Volatility,rolling_vol,0.0867843208609795
2020-10-21,Low Volatility,rolling_vol,0.08279761656343684
2020-10-22,Low Volatility,rolling_vol,0.07933144049919778
2020-10-23,Low Volatility,rolling_vol,0.0788094067799205
2020-10-26,Low Volatility,rolling_vol,0.07792260364323908
2020-10-27,Low Volatility,rolling_vol,0.07803845132896194
2020-10-28,Low Volatility,rolling_vol,0.09808896171768819
2020-10-29,Low Volatility,rolling_vol,0.09741437374836653
2020-10-30,Low Volatility,rolling_vol,0.09595477082963601
2020-11-02,Low Volatility,rolling_vol,0.10002816019012306
2020-11-03,Low Volatility,rolling_vol,0.10261674981980312
2020-11-04,Low Volatility,rolling_vol,0.09610860814839907
2020-11-05,Low Volatility,rolling_vol,0.09705021996218494
2020-11-06,Low Volatility,rolling_vol,0.09566834257299729
2020-11-09,Low Volatility,rolling_vol,0.09665603668684568
2020-11-10,Low Volatility,rolling_vol,0.10066070279287223
2020-11-11,Low Volatility,rolling_vol,0.0992457532989134
2020-11-12,Low Volatility,rolling_vol,0.10185460801082888
2020-11-13,Low Volatility,rolling_vol,0.10257957822355772
2020-11-16,Low Volatility,rolling_vol,0.10242134170475342
2020-11-17,Low Volatility,rolling_vol,0.10575488394271149
2020-11-18,Low Volatility,rolling_vol,0.1108181210112644
2020-11-19,Low Volatility,rolling_vol,0.10911748580047025
2020-11-20,Low Volatility,rolling_vol,0.10893011608474013
2020-11-23,Low Volatility,rolling_vol,0.1079395516424957
2020-11-24,Low Volatility,rolling_vol,0.10814961598765571
2020-11-25,Low Volatility,rolling_vol,0.10782844177141696
2020-11-27,Low Volatility,rolling_vol,0.10796186300966343
2020-11-30,Low Volatility,rolling_vol,0.10818501373470601
2020-12-01,Low Volatility,rolling_vol,0.10551866567128802
2020-12-02,Low Volatility,rolling_vol,0.10550472207132892
2020-12-03,Low Volatility,rolling_vol,0.10580964175251356
2020-12-04,Low Volatility,rolling_vol,0.10452091835962676
2020-12-07,Low Volatility,rolling_vol,0.10449031241667867
2020-12-08,Low Volatility,rolling_vol,0.10355577156182369
2020-12-09,Low Volatility,rolling_vol,0.10358502977504691
2020-12-10,Low Volatility,rolling_vol,0.08429970136782648
2020-12-11,Low Volatility,rolling_vol,0.0842991730339897
2020-12-14,Low Volatility,rolling_vol,0.08589722605623679
2020-12-15,Low Volatility,rolling_vol,0.08067518477477852
2020-12-16,Low Volatility,rolling_vol,0.07854233305052095
2020-12-17,Low Volatility,rolling_vol,0.07920058269790287
2020-12-18,Low Volatility,rolling_vol,0.07743443488301349
2020-12-21,Low Volatility,rolling_vol,0.08046807158633738
2020-12-22,Low Volatility,rolling_vol,0.07756782837488853
2020-12-23,Low Volatility,rolling_vol,0.06842436068397925
2020-12-24,Low Volatility,rolling_vol,0.0696397775754215
2020-12-28,Low Volatility,rolling_vol,0.06895089447227139
2020-12-29,Low Volatility,rolling_vol,0.06669607049029322
2020-12-30,Low Volatility,rolling_vol,0.06530074620125365
2020-12-31,Low Volatility,rolling_vol,0.06667258410688914
2021-01-04,Low Volatility,rolling_vol,0.06525770690294566
2021-01-05,Low Volatility,rolling_vol,0.06518312521780173
2021-01-06,Low Volatility,rolling_vol,0.06629844935428089
2021-01-07,Low Volatility,rolling_vol,0.06755421429899966
2021-01-08,Low Volatility,rolling_vol,0.0656179450282332
2021-01-11,Low Volatility,rolling_vol,0.06697138062307154
2021-01-12,Low Volatility,rolling_vol,0.06783246555203429
2021-01-13,Low Volatility,rolling_vol,0.07010255072254044
2021-01-14,Low Volatility,rolling_vol,0.06931150545572447
2021-01-15,Low Volatility,rolling_vol,0.06990948247246752
2021-01-19,Low Volatility,rolling_vol,0.06960113830357212
2021-01-20,Low Volatility,rolling_vol,0.0702533210626223
2021-01-21,Low Volatility,rolling_vol,0.07102400098600527
2021-01-22,Low Volatility,rolling_vol,0.0708747087050725
2021-01-25,Low Volatility,rolling_vol,0.07410138223074975
2021-01-26,Low Volatility,rolling_vol,0.07342786161445795
2021-01-27,Low Volatility,rolling_vol,0.08392663396768475
2021-01-28,Low Volatility,rolling_vol,0.08322505119291444
2021-01-29,Low Volatility,rolling_vol,0.08152889938857702
2021-02-01,Low Volatility,rolling_vol,0.08089431560221358
2021-02-02,Low Volatility,rolling_vol,0.08020613925196565
2021-02-03,Low Volatility,rolling_vol,0.0800244001702531
2021-02-04,Low Volatility,rolling_vol,0.07792466567432499
2021-02-05,Low Volatility,rolling_vol,0.07796142956526364
2021-02-08,Low Volatility,rolling_vol,0.07810556694231928
2021-02-09,Low Volatility,rolling_vol,0.07712544848213759
2021-02-10,Low Volatility,rolling_vol,0.07604356498261476
2021-02-11,Low Volatility,rolling_vol,0.0765218829488322
2021-02-12,Low Volatility,rolling_vol,0.07644429417411654
2021-02-16,Low Volatility,rolling_vol,0.07247313614275565
2021-02-17,Low Volatility,rolling_vol,0.06964073189794745
2021-02-18,Low Volatility,rolling_vol,0.06976403865854831
2021-02-19,Low Volatility,rolling_vol,0.07338097644563421
2021-02-22,Low Volatility,rolling_vol,0.07274910156639484
2021-02-23,Low Volatility,rolling_vol,0.07285850461892068
2021-02-24,Low Volatility,rolling_vol,0.07185609216947769
2021-02-25,Low Volatility,rolling_vol,0.07443244426443602
2021-02-26,Low Volatility,rolling_vol,0.07780959539918572
2021-03-01,Low Volatility,rolling_vol,0.08307617682778005
2021-03-02,Low Volatility,rolling_vol,0.08243047716381452
2021-03-03,Low Volatility,rolling_vol,0.08344646825775147
2021-03-04,Low Volatility,rolling_vol,0.08242131187086288
2021-03-05,Low Volatility,rolling_vol,0.09363340285814845
2021-03-08,Low Volatility,rolling_vol,0.09530585339435906
2021-03-09,Low Volatility,rolling_vol,0.09284501543253636
2021-03-10,Low Volatility,rolling_vol,0.0961609662458719
2021-03-11,Low Volatility,rolling_vol,0.08755176806199787
2021-03-12,Low Volatility,rolling_vol,0.08814432299769849
2021-03-15,Low Volatility,rolling_vol,0.0884492156278716
2021-03-16,Low Volatility,rolling_vol,0.0883179340041418
2021-03-17,Low Volatility,rolling_vol,0.0896979776250407
2021-03-18,Low Volatility,rolling_vol,0.08999256198040226
2021-03-19,Low Volatility,rolling_vol,0.08960310136792456
2021-03-22,Low Volatility,rolling_vol,0.0902319167561289
2021-03-23,Low Volatility,rolling_vol,0.09202416576502614
2021-03-24,Low Volatility,rolling_vol,0.09215638274340415
2021-03-25,Low Volatility,rolling_vol,0.0927724845811578
2021-03-26,Low Volatility,rolling_vol,0.0945211008777265
2021-03-29,Low Volatility,rolling_vol,0.09542251111538314
2021-03-30,Low Volatility,rolling_vol,0.09746167900704532
2021-03-31,Low Volatility,rolling_vol,0.09664539414391905
2021-04-01,Low Volatility,rolling_vol,0.09675308391471335
2021-04-05,Low Volatility,rolling_vol,0.09224258030839882
2021-04-06,Low Volatility,rolling_vol,0.09151299328602308
2021-04-07,Low Volatility,rolling_vol,0.09176637485687181
2021-04-08,Low Volatility,rolling_vol,0.09142302048876867
2021-04-09,Low Volatility,rolling_vol,0.08664914067959216
2021-04-12,Low Volatility,rolling_vol,0.07689606177575259
2021-04-13,Low Volatility,rolling_vol,0.07421128393936115
2021-04-14,Low Volatility,rolling_vol,0.07396918602109356
2021-04-15,Low Volatility,rolling_vol,0.07193863879414396
2021-04-16,Low Volatility,rolling_vol,0.07020757489512626
2021-04-19,Low Volatility,rolling_vol,0.061968344522907344
2021-04-20,Low Volatility,rolling_vol,0.06272157677923258
2021-04-21,Low Volatility,rolling_vol,0.06287430938811547
2021-04-22,Low Volatility,rolling_vol,0.062369226077812645
2021-04-23,Low Volatility,rolling_vol,0.06035514220686503
2021-04-26,Low Volatility,rolling_vol,0.06440414013992504
2021-04-27,Low Volatility,rolling_vol,0.0637008820142639
2021-04-28,Low Volatility,rolling_vol,0.06405200919850516
2021-04-29,Low Volatility,rolling_vol,0.061454342072914885
2021-04-30,Low Volatility,rolling_vol,0.06028966900881382
2021-05-03,Low Volatility,rolling_vol,0.06187952231727827
2021-05-04,Low Volatility,rolling_vol,0.061372309202554695
2021-05-05,Low Volatility,rolling_vol,0.06087963518967347
2021-05-06,Low Volatility,rolling_vol,0.06291135228060349
2021-05-07,Low Volatility,rolling_vol,0.06270918989197224
2021-05-10,Low Volatility,rolling_vol,0.06156176089477407
2021-05-11,Low Volatility,rolling_vol,0.06629612967476062
2021-05-12,Low Volatility,rolling_vol,0.07062798594146945
2021-05-13,Low Volatility,rolling_vol,0.07535562397949536
2021-05-14,Low Volatility,rolling_vol,0.07544296154925405
2021-05-17,Low Volatility,rolling_vol,0.075496634088584
2021-05-18,Low Volatility,rolling_vol,0.07611426268025562
2021-05-19,Low Volatility,rolling_vol,0.07709708213028993
2021-05-20,Low Volatility,rolling_vol,0.07824650927223205
2021-05-21,Low Volatility,rolling_vol,0.07827529810131285
2021-05-24,Low Volatility,rolling_vol,0.07833358535432758
2021-05-25,Low Volatility,rolling_vol,0.07884745008582311
2021-05-26,Low Volatility,rolling_vol,0.07904518040513077
2021-05-27,Low Volatility,rolling_vol,0.07692905590368634
2021-05-28,Low Volatility,rolling_vol,0.0759742097784954
2021-06-01,Low Volatility,rolling_vol,0.07671865032326686
2021-06-02,Low Volatility,rolling_vol,0.07495179465212877
2021-06-03,Low Volatility,rolling_vol,0.07514664538053005
2021-06-04,Low Volatility,rolling_vol,0.07489800305216623
2021-06-07,Low Volatility,rolling_vol,0.07522658941237871
2021-06-08,Low Volatility,rolling_vol,0.07464696516570718
2021-06-09,Low Volatility,rolling_vol,0.07470689409261301
2021-06-10,Low Volatility,rolling_vol,0.07588973977051468
2021-06-11,Low Volatility,rolling_vol,0.07453450085487912
2021-06-14,Low Volatility,rolling_vol,0.07413303321360869
2021-06-15,Low Volatility,rolling_vol,0.07172525712002704
2021-06-16,Low Volatility,rolling_vol,0.07612494097399242
2021-06-17,Low Volatility,rolling_vol,0.07593568197288841
2021-06-18,Low Volatility,rolling_vol,0.08066956690929994
2021-06-21,Low Volatility,rolling_vol,0.08457373620725943
2021-06-22,Low Volatility,rolling_vol,0.0820935052616643
2021-06-23,Low Volatility,rolling_vol,0.08010511459036809
2021-06-24,Low Volatility,rolling_vol,0.07408659493999889
2021-06-25,Low Volatility,rolling_vol,0.06860535505173779
2021-06-28,Low Volatility,rolling_vol,0.068003798913065
2021-06-29,Low Volatility,rolling_vol,0.06925370806325194
2021-06-30,Low Volatility,rolling_vol,0.06963378415709814
2021-07-01,Low Volatility,rolling_vol,0.07022538224804376
2021-07-02,Low Volatility,rolling_vol,0.06895726931648642
2021-07-06,Low Volatility,rolling_vol,0.06880742820324483
2021-07-07,Low Volatility,rolling_vol,0.07033491696331737
2021-07-08,Low Volatility,rolling_vol,0.07001317892662554
2021-07-09,Low Volatility,rolling_vol,0.07010592842690154
2021-07-12,Low Volatility,rolling_vol,0.06952064449199691
2021-07-13,Low Volatility,rolling_vol,0.06963548672903594
2021-07-14,Low Volatility,rolling_vol,0.07070118087976078
2021-07-15,Low Volatility,rolling_vol,0.07142298496334872
2021-07-16,Low Volatility,rolling_vol,0.07137498188854226
2021-07-19,Low Volatility,rolling_vol,0.074449187611469
2021-07-20,Low Volatility,rolling_vol,0.07432218832235121
2021-07-21,Low Volatility,rolling_vol,0.07286120479702528
2021-07-22,Low Volatility,rolling_vol,0.0724973266656225
2021-07-23,Low Volatility,rolling_vol,0.07400159305954596
2021-07-26,Low Volatility,rolling_vol,0.07400575844682375
2021-07-27,Low Volatility,rolling_vol,0.07648558878793368
2021-07-28,Low Volatility,rolling_vol,0.07811802968636855
2021-07-29,Low Volatility,rolling_vol,0.0731453638597772
2021-07-30,Low Volatility,rolling_vol,0.07344720500666638
2021-08-02,Low Volatility,rolling_vol,0.06217363542844705
2021-08-03,Low Volatility,rolling_vol,0.0596560038432555
2021-08-04,Low Volatility,rolling_vol,0.061291935974202766
2021-08-05,Low Volatility,rolling_vol,0.058467899410320656
2021-08-06,Low Volatility,rolling_vol,0.05986358277334087
2021-08-09,Low Volatility,rolling_vol,0.05988351241467276
2021-08-10,Low Volatility,rolling_vol,0.05990048808258362
2021-08-11,Low Volatility,rolling_vol,0.05700817282725126
2021-08-12,Low Volatility,rolling_vol,0.056771931547498544
2021-08-13,Low Volatility,rolling_vol,0.05705403903578709
2021-08-16,Low Volatility,rolling_vol,0.05846006095279975
2021-08-17,Low Volatility,rolling_vol,0.05854004482203318
2021-08-18,Low Volatility,rolling_vol,0.06289492297762188
2021-08-19,Low Volatility,rolling_vol,0.06288677791475647
2021-08-20,Low Volatility,rolling_vol,0.06318557755968368
2021-08-23,Low Volatility,rolling_vol,0.06438797016757282
2021-08-24,Low Volatility,rolling_vol,0.06572187682533823
2021-08-25,Low Volatility,rolling_vol,0.06403369116396491
2021-08-26,Low Volatility,rolling_vol,0.06327958539070487
2021-08-27,Low Volatility,rolling_vol,0.0633618518311452
2021-08-30,Low Volatility,rolling_vol,0.059296469643450485
2021-08-31,Low Volatility,rolling_vol,0.059329363270827926
2021-09-01,Low Volatility,rolling_vol,0.05865717856758577
2021-09-02,Low Volatility,rolling_vol,0.0596419244903205
2021-09-03,Low Volatility,rolling_vol,0.05740230650789362
2021-09-07,Low Volatility,rolling_vol,0.06757449049390521
2021-09-08,Low Volatility,rolling_vol,0.0688853748509338
2021-09-09,Low Volatility,rolling_vol,0.06829754257244501
2021-09-10,Low Volatility,rolling_vol,0.0701019461478668
2021-09-13,Low Volatility,rolling_vol,0.06995970789225399
2021-09-14,Low Volatility,rolling_vol,0.07009508411494116
2021-09-15,Low Volatility,rolling_vol,0.06877924423201914
2021-09-16,Low Volatility,rolling_vol,0.0690489354277628
2021-09-17,Low Volatility,rolling_vol,0.07050816731040037
2021-09-20,Low Volatility,rolling_vol,0.07025636123824143
2021-09-21,Low Volatility,rolling_vol,0.07016490304289906
2021-09-22,Low Volatility,rolling_vol,0.07004765996800855
2021-09-23,Low Volatility,rolling_vol,0.06898095223897499
2021-09-24,Low Volatility,rolling_vol,0.06877971088421078
2021-09-27,Low Volatility,rolling_vol,0.0681578538767073
2021-09-28,Low Volatility,rolling_vol,0.06791472879518622
2021-09-29,Low Volatility,rolling_vol,0.0721465609893436
2021-09-30,Low Volatility,rolling_vol,0.07145518325348892
2021-10-01,Low Volatility,rolling_vol,0.07143301425086138
2021-10-04,Low Volatility,rolling_vol,0.07156441958172771
2021-10-05,Low Volatility,rolling_vol,0.07142705664983443
2021-10-06,Low Volatility,rolling_vol,0.07405365798831683
2021-10-07,Low Volatility,rolling_vol,0.07437923998440171
2021-10-08,Low Volatility,rolling_vol,0.07474246449092238
2021-10-11,Low Volatility,rolling_vol,0.07563987434173924
2021-10-12,Low Volatility,rolling_vol,0.0748696878621349
2021-10-13,Low Volatility,rolling_vol,0.07589414898347122
2021-10-14,Low Volatility,rolling_vol,0.07876065907329687
2021-10-15,Low Volatility,rolling_vol,0.07714874605115955
2021-10-18,Low Volatility,rolling_vol,0.0780019711247371
2021-10-19,Low Volatility,rolling_vol,0.07442530872948006
2021-10-20,Low Volatility,rolling_vol,0.0728263845056341
2021-10-21,Low Volatility,rolling_vol,0.07215232171195284
2021-10-22,Low Volatility,rolling_vol,0.07112728105508917
2021-10-25,Low Volatility,rolling_vol,0.07144660282270202
2021-10-26,Low Volatility,rolling_vol,0.07148498248572821
2021-10-27,Low Volatility,rolling_vol,0.07195293588592679
2021-10-28,Low Volatility,rolling_vol,0.07261756566727288
2021-10-29,Low Volatility,rolling_vol,0.06976986013745388
2021-11-01,Low Volatility,rolling_vol,0.06929544178855399
2021-11-02,Low Volatility,rolling_vol,0.06993203155066356
2021-11-03,Low Volatility,rolling_vol,0.0707220031243251
2021-11-04,Low Volatility,rolling_vol,0.0706161774260583
2021-11-05,Low Volatility,rolling_vol,0.07080961308964293
2021-11-08,Low Volatility,rolling_vol,0.07102757347246286
2021-11-09,Low Volatility,rolling_vol,0.06588204707947919
2021-11-10,Low Volatility,rolling_vol,0.06369900710130896
2021-11-11,Low Volatility,rolling_vol,0.06171362490517159
2021-11-12,Low Volatility,rolling_vol,0.06122913406297394
2021-11-15,Low Volatility,rolling_vol,0.06090508536766653
2021-11-16,Low Volatility,rolling_vol,0.06200166815237485
2021-11-17,Low Volatility,rolling_vol,0.05951508548347703
2021-11-18,Low Volatility,rolling_vol,0.05980684973939983
2021-11-19,Low Volatility,rolling_vol,0.058545553852894484
2021-11-22,Low Volatility,rolling_vol,0.056071992672914586
2021-11-23,Low Volatility,rolling_vol,0.05638923590821653
2021-11-24,Low Volatility,rolling_vol,0.056111866787972975
2021-11-26,Low Volatility,rolling_vol,0.062204221103184236
2021-11-29,Low Volatility,rolling_vol,0.06274175467415026
2021-11-30,Low Volatility,rolling_vol,0.08476198828875468
2021-12-01,Low Volatility,rolling_vol,0.08225546990226923
2021-12-02,Low Volatility,rolling_vol,0.08308893383163185
2021-12-03,Low Volatility,rolling_vol,0.0873866393020849
2021-12-06,Low Volatility,rolling_vol,0.08969445415175574
2021-12-07,Low Volatility,rolling_vol,0.08959835511150145
2021-12-08,Low Volatility,rolling_vol,0.08962142424098901
2021-12-09,Low Volatility,rolling_vol,0.08913491208651306
2021-12-10,Low Volatility,rolling_vol,0.0901876898872576
2021-12-13,Low Volatility,rolling_vol,0.09225619457771786
2021-12-14,Low Volatility,rolling_vol,0.09239741702955183
2021-12-15,Low Volatility,rolling_vol,0.09451493151515931
2021-12-16,Low Volatility,rolling_vol,0.09612257538042887
2021-12-17,Low Volatility,rolling_vol,0.10176841628629389
2021-12-20,Low Volatility,rolling_vol,0.10160187134159714
2021-12-21,Low Volatility,rolling_vol,0.10010607605824794
2021-12-22,Low Volatility,rolling_vol,0.10046999470172166
2021-12-23,Low Volatility,rolling_vol,0.1002034518394861
2021-12-27,Low Volatility,rolling_vol,0.09996201888641229
2021-12-28,Low Volatility,rolling_vol,0.10034499694904113
2021-12-29,Low Volatility,rolling_vol,0.10028494260724219
2021-12-30,Low Volatility,rolling_vol,0.09950289145383162
2021-12-31,Low Volatility,rolling_vol,0.09948595022534887
2022-01-03,Low Volatility,rolling_vol,0.10072676277690645
2022-01-04,Low Volatility,rolling_vol,0.10061453394961173
2022-01-05,Low Volatility,rolling_vol,0.10037065089277612
2022-01-06,Low Volatility,rolling_vol,0.10052778737701634
2022-01-07,Low Volatility,rolling_vol,0.10058095051779851
2022-01-10,Low Volatility,rolling_vol,0.09532616568017489
2022-01-11,Low Volatility,rolling_vol,0.09568072947731007
2022-01-12,Low Volatility,rolling_vol,0.07219104126689824
2022-01-13,Low Volatility,rolling_vol,0.0715277658709282
2022-01-14,Low Volatility,rolling_vol,0.0703347606485092
2022-01-18,Low Volatility,rolling_vol,0.0709980360968805
2022-01-19,Low Volatility,rolling_vol,0.0682163099012999
2022-01-20,Low Volatility,rolling_vol,0.06893243711373892
2022-01-21,Low Volatility,rolling_vol,0.06885755771109425
2022-01-24,Low Volatility,rolling_vol,0.07089396355331563
2022-01-25,Low Volatility,rolling_vol,0.0683197317489842
2022-01-26,Low Volatility,rolling_vol,0.06764653535884911
2022-01-27,Low Volatility,rolling_vol,0.0685975023180542
2022-01-28,Low Volatility,rolling_vol,0.0724402969685805
2022-01-31,Low Volatility,rolling_vol,0.07068847514962595
2022-02-01,Low Volatility,rolling_vol,0.0658174972248367
2022-02-02,Low Volatility,rolling_vol,0.07025132342054827
2022-02-03,Low Volatility,rolling_vol,0.07053378237141335
2022-02-04,Low Volatility,rolling_vol,0.07263998160386972
2022-02-07,Low Volatility,rolling_vol,0.07260700139623835
2022-02-08,Low Volatility,rolling_vol,0.0707108996262695
2022-02-09,Low Volatility,rolling_vol,0.06976412422600478
2022-02-10,Low Volatility,rolling_vol,0.08117849297745905
2022-02-11,Low Volatility,rolling_vol,0.08105336174477852
2022-02-14,Low Volatility,rolling_vol,0.0818951722478059
2022-02-15,Low Volatility,rolling_vol,0.08115679763649256
2022-02-16,Low Volatility,rolling_vol,0.08098630520168872
2022-02-17,Low Volatility,rolling_vol,0.08153379663542927
2022-02-18,Low Volatility,rolling_vol,0.08219433393231078
2022-02-22,Low Volatility,rolling_vol,0.0813422187182506
2022-02-23,Low Volatility,rolling_vol,0.08353282562758498
2022-02-24,Low Volatility,rolling_vol,0.08352308124766827
2022-02-25,Low Volatility,rolling_vol,0.10386598042937047
2022-02-28,Low Volatility,rolling_vol,0.1037677145736454
2022-03-01,Low Volatility,rolling_vol,0.1035703836279208
2022-03-02,Low Volatility,rolling_vol,0.10312007523787435
2022-03-03,Low Volatility,rolling_vol,0.10640262025549943
2022-03-04,Low Volatility,rolling_vol,0.11113436514586487
2022-03-07,Low Volatility,rolling_vol,0.11166378911438674
2022-03-08,Low Volatility,rolling_vol,0.11857113273963313
2022-03-09,Low Volatility,rolling_vol,0.11835896358990244
2022-03-10,Low Volatility,rolling_vol,0.11654408175567915
2022-03-11,Low Volatility,rolling_vol,0.1161663785409935
2022-03-14,Low Volatility,rolling_vol,0.11138787635986863
2022-03-15,Low Volatility,rolling_vol,0.11280151414986604
2022-03-16,Low Volatility,rolling_vol,0.11151406347537506
2022-03-17,Low Volatility,rolling_vol,0.11057614021697647
2022-03-18,Low Volatility,rolling_vol,0.11039523865005137
2022-03-21,Low Volatility,rolling_vol,0.10817579951881742
2022-03-22,Low Volatility,rolling_vol,0.10824072398480859
2022-03-23,Low Volatility,rolling_vol,0.10824935002726985
2022-03-24,Low Volatility,rolling_vol,0.10892631729596856
2022-03-25,Low Volatility,rolling_vol,0.09930587772564356
2022-03-28,Low Volatility,rolling_vol,0.09932678352841631
2022-03-29,Low Volatility,rolling_vol,0.09780388880567768
2022-03-30,Low Volatility,rolling_vol,0.09817600881252554
2022-03-31,Low Volatility,rolling_vol,0.09995757126524432
2020-04-02,Low Volatility,drawdown,0.0
2020-04-03,Low Volatility,drawdown,-0.013846687754892832
2020-04-06,Low Volatility,drawdown,0.0
2020-04-07,Low Volatility,drawdown,-0.006854338211440175
2020-04-08,Low Volatility,drawdown,0.0
2020-04-09,Low Volatility,drawdown,0.0
2020-04-13,Low Volatility,drawdown,-0.014545616289629986
2020-04-14,Low Volatility,drawdown,0.0
2020-04-15,Low Volatility,drawdown,-0.014853734260718513
2020-04-16,Low Volatility,drawdown,-0.009909740720635373
2020-04-17,Low Volatility,drawdown,0.0
2020-04-20,Low Volatility,drawdown,-0.018501652896146897
2020-04-21,Low Volatility,drawdown,-0.03383621869181907
2020-04-22,Low Volatility,drawdown,-0.02106552520252887
2020-04-23,Low Volatility,drawdown,-0.02808603265620871
2020-04-24,Low Volatility,drawdown,-0.02468836383713352
2020-04-27,Low Volatility,drawdown,-0.02224291909336764
2020-04-28,Low Volatility,drawdown,-0.020723966831452837
2020-04-29,Low Volatility,drawdown,-0.02267646774418543
2020-04-30,Low Volatility,drawdown,-0.0327910384840384
2020-05-01,Low Volatility,drawdown,-0.044240148798190305
2020-05-04,Low Volatility,drawdown,-0.04354350573262909
2020-05-05,Low Volatility,drawdown,-0.037682413220039124
2020-05-06,Low Volatility,drawdown,-0.05418723772381958
2020-05-07,Low Volatility,drawdown,-0.050311582811274146
2020-05-08,Low Volatility,drawdown,-0.04210412930822064
2020-05-11,Low Volatility,drawdown,-0.04300777817941512
2020-05-12,Low Volatility,drawdown,-0.048394857792959906
2020-05-13,Low Volatility,drawdown,-0.054061641206393736
2020-05-14,Low Volatility,drawdown,-0.04931460824186367
2020-05-15,Low Volatility,drawdown,-0.05056694386059962
2020-05-18,Low Volatility,drawdown,-0.03365036255592369
2020-05-19,Low Volatility,drawdown,-0.04414034006964193
2020-05-20,Low Volatility,drawdown,-0.038330677089278946
2020-05-21,Low Volatility,drawdown,-0.04263986702032147
2020-05-22,Low Volatility,drawdown,-0.04016061618374617
2020-05-26,Low Volatility,drawdown,-0.03588442989987825
2020-05-27,Low Volatility,drawdown,-0.02975662881269293
2020-05-28,Low Volatility,drawdown,-0.018610214711895903
2020-05-29,Low Volatility,drawdown,-0.011565284612135757
2020-06-01,Low Volatility,drawdown,-0.010488775283688894
2020-06-02,Low Volatility,drawdown,-0.005974143184983672
2020-06-03,Low Volatility,drawdown,0.0
2020-06-04,Low Volatility,drawdown,-0.005026618091627494
2020-06-05,Low Volatility,drawdown,0.0
2020-06-08,Low Volatility,drawdown,0.0
2020-06-09,Low Volatility,drawdown,-0.007397696338402367
2020-06-10,Low Volatility,drawdown,-0.007347348301176093
2020-06-11,Low Volatility,drawdown,-0.036605916664856616
2020-06-12,Low Volatility,drawdown,-0.0354755990558333
2020-06-15,Low Volatility,drawdown,-0.03289602487593297
2020-06-16,Low Volatility,drawdown,-0.02633298727145656
2020-06-17,Low Volatility,drawdown,-0.029070221420277327
2020-06-18,Low Volatility,drawdown,-0.02894184475317874
2020-06-19,Low Volatility,drawdown,-0.03845664968835466
2020-06-22,Low Volatility,drawdown,-0.03553155458763153
2020-06-23,Low Volatility,drawdown,-0.0383380350428246
2020-06-24,Low Volatility,drawdown,-0.04801562340253469
2020-06-25,Low Volatility,drawdown,-0.048663990027492866
2020-06-26,Low Volatility,drawdown,-0.05501511024727657
2020-06-29,Low Volatility,drawdown,-0.04577730202107758
2020-06-30,Low Volatility,drawdown,-0.03911067707751722
2020-07-01,Low Volatility,drawdown,-0.03401634032724244
2020-07-02,Low Volatility,drawdown,-0.03107245572166804
2020-07-06,Low Volatility,drawdown,-0.031625003130425336
2020-07-07,Low Volatility,drawdown,-0.030805578420774665
2020-07-08,Low Volatility,drawdown,-0.030284512308481528
2020-07-09,Low Volatility,drawdown,-0.034970760077117254
2020-07-10,Low Volatility,drawdown,-0.02717491269403853
2020-07-13,Low Volatility,drawdown,-0.02712920365447256
2020-07-14,Low Volatility,drawdown,-0.017819939839566236
2020-07-15,Low Volatility,drawdown,-0.017172741406244172
2020-07-16,Low Volatility,drawdown,-0.013550793366267374
2020-07-17,Low Volatility,drawdown,-0.004915655918908806
2020-07-20,Low Volatility,drawdown,-0.00964877879119317
2020-07-21,Low Volatility,drawdown,-0.004268983916859686
2020-07-22,Low Volatility,drawdown,0.0
2020-07-23,Low Volatility,drawdown,0.0
2020-07-24,Low Volatility,drawdown,-0.002543123119163761
2020-07-27,Low Volatility,drawdown,-0.0044225762986918535
2020-07-28,Low Volatility,drawdown,0.0
2020-07-29,Low Volatility,drawdown,0.0
2020-07-30,Low Volatility,drawdown,-0.0008174594791971456
2020-07-31,Low Volatility,drawdown,-0.00044679553219083014
2020-08-03,Low Volatility,drawdown,-0.0017616655970721044
2020-08-04,Low Volatility,drawdown,0.0
2020-08-05,Low Volatility,drawdown,-0.0041136051516851594
2020-08-06,Low Volatility,drawdown,-0.0011039526160771121
2020-08-07,Low Volatility,drawdown,0.0
2020-08-10,Low Volatility,drawdown,-0.0003797458177709905
2020-08-11,Low Volatility,drawdown,-0.012145922942189314
2020-08-12,Low Volatility,drawdown,-0.004860772560200725
2020-08-13,Low Volatility,drawdown,-0.006711115214309162
2020-08-14,Low Volatility,drawdown,-0.008559339462522698
2020-08-17,Low Volatility,drawdown,-0.005302178419918448
2020-08-18,Low Volatility,drawdown,-0.005064313376145689
2020-08-19,Low Volatility,drawdown,-0.009038484055157297
2020-08-20,Low Volatility,drawdown,-0.010749174634637305
2020-08-21,Low Volatility,drawdown,-0.008769834584730726
2020-08-24,Low Volatility,drawdown,-0.002932397589369358
2020-08-25,Low Volatility,drawdown,-0.005176560610413978
2020-08-26,Low Volatility,drawdown,-0.0072163716346189954
2020-08-27,Low Volatility,drawdown,-0.006278535357222799
2020-08-28,Low Volatility,drawdown,-0.0017092746289374067
2020-08-31,Low Volatility,drawdown,-0.0009426907642855007
2020-09-01,Low Volatility,drawdown,-0.003039959672947158
2020-09-02,Low Volatility,drawdown,0.0
2020-09-03,Low Volatility,drawdown,-0.008864108121115492
2020-09-04,Low Volatility,drawdown,-0.012242416709531485
2020-09-08,Low Volatility,drawdown,-0.019474413289190747
2020-09-09,Low Volatility,drawdown,-0.009985468115936596
2020-09-10,Low Volatility,drawdown,-0.01911090772135478
2020-09-11,Low Volatility,drawdown,-0.01517501627258076
2020-09-14,Low Volatility,drawdown,-0.008065090814649177
2020-09-15,Low Volatility,drawdown,-0.006238694942184867
2020-09-16,Low Volatility,drawdown,-0.004826679347386556
2020-09-17,Low Volatility,drawdown,-0.009053550950304634
2020-09-18,Low Volatility,drawdown,-0.014960291187851207
2020-09-21,Low Volatility,drawdown,-0.022395964794833148
2020-09-22,Low Volatility,drawdown,-0.019726526198385812
2020-09-23,Low Volatility,drawdown,-0.030664421986155425
2020-09-24,Low Volatility,drawdown,-0.02741767525446065
2020-09-25,Low Volatility,drawdown,-0.02069790421413079
2020-09-28,Low Volatility,drawdown,-0.015509085495755822
2020-09-29,Low Volatility,drawdown,-0.017405230276236514
2020-09-30,Low Volatility,drawdown,-0.010203636001607674
2020-10-01,Low Volatility,drawdown,-0.006802012437984584
2020-10-02,Low Volatility,drawdown,-0.005880936888458742
2020-10-05,Low Volatility,drawdown,-0.0008378958432696577
2020-10-06,Low Volatility,drawdown,-0.0021082380689930427
2020-10-07,Low Volatility,drawdown,0.0
2020-10-08,Low Volatility,drawdown,0.0
2020-10-09,Low Volatility,drawdown,0.0
2020-10-12,Low Volatility,drawdown,0.0
2020-10-13,Low Volatility,drawdown,-0.004335752933561158
2020-10-14,Low Volatility,drawdown,-0.006771180674455032
2020-10-15,Low Volatility,drawdown,-0.007758246058413029
2020-10-16,Low Volatility,drawdown,-0.004980774564916281
2020-10-19,Low Volatility,drawdown,-0.013424865885171134
2020-10-20,Low Volatility,drawdown,-0.011907162026372901
2020-10-21,Low Volatility,drawdown,-0.013127031277552726
2020-10-22,Low Volatility,drawdown,-0.006613573078954142
2020-10-23,Low Volatility,drawdown,-0.005512576197670879
2020-10-26,Low Volatility,drawdown,-0.009953655450773983
2020-10-27,Low Volatility,drawdown,-0.01153691869425495
2020-10-28,Low Volatility,drawdown,-0.031308328258849834
2020-10-29,Low Volatility,drawdown,-0.030787542320253526
2020-10-30,Low Volatility,drawdown,-0.03221346564216042
2020-11-02,Low Volatility,drawdown,-0.019851590914371522
2020-11-03,Low Volatility,drawdown,-0.0112358293222016
2020-11-04,Low Volatility,drawdown,-0.008813931694678784
2020-11-05,Low Volatility,drawdown,-0.0025179309492448444
2020-11-06,Low Volatility,drawdown,-0.0021419542714511152
2020-11-09,Low Volatility,drawdown,0.0
2020-11-10,Low Volatility,drawdown,0.0
2020-11-11,Low Volatility,drawdown,0.0
2020-11-12,Low Volatility,drawdown,-0.00669202283347723
2020-11-13,Low Volatility,drawdown,-0.0013331945231143379
2020-11-16,Low Volatility,drawdown,0.0
2020-11-17,Low Volatility,drawdown,-0.008053031452569425
2020-11-18,Low Volatility,drawdown,-0.018640097805213116
2020-11-19,Low Volatility,drawdown,-0.019979216886027867
2020-11-20,Low Volatility,drawdown,-0.02012380789096473
2020-11-23,Low Volatility,drawdown,-0.019944308459947407
2020-11-24,Low Volatility,drawdown,-0.014722250131850278
2020-11-25,Low Volatility,drawdown,-0.014775538925695752
2020-11-27,Low Volatility,drawdown,-0.01662340641501401
2020-11-30,Low Volatility,drawdown,-0.01965180047759313
2020-12-01,Low Volatility,drawdown,-0.015435709428147775
2020-12-02,Low Volatility,drawdown,-0.015500844496324228
2020-12-03,Low Volatility,drawdown,-0.018148705972803623
2020-12-04,Low Volatility,drawdown,-0.02032110590522696
2020-12-07,Low Volatility,drawdown,-0.020025591502712343
2020-12-08,Low Volatility,drawdown,-0.01887841186715237
2020-12-09,Low Volatility,drawdown,-0.020609790331074743
2020-12-10,Low Volatility,drawdown,-0.024270820744141147
2020-12-11,Low Volatility,drawdown,-0.022892300515613417
2020-12-14,Low Volatility,drawdown,-0.02791763617199846
2020-12-15,Low Volatility,drawdown,-0.020849872322987264
2020-12-16,Low Volatility,drawdown,-0.02571690551890155
2020-12-17,Low Volatility,drawdown,-0.02146725863988965
2020-12-18,Low Volatility,drawdown,-0.023784959599888186
2020-12-21,Low Volatility,drawdown,-0.03114487189988967
2020-12-22,Low Volatility,drawdown,-0.03444743397859752
2020-12-23,Low Volatility,drawdown,-0.034768489440276
2020-12-24,Low Volatility,drawdown,-0.030737055752376726
2020-12-28,Low Volatility,drawdown,-0.026654103319624586
2020-12-29,Low Volatility,drawdown,-0.026223108166565662
2020-12-30,Low Volatility,drawdown,-0.024414794152840313
2020-12-31,Low Volatility,drawdown,-0.016325661495971113
2021-01-04,Low Volatility,drawdown,-0.02577106618103331
2021-01-05,Low Volatility,drawdown,-0.026394626699035313
2021-01-06,Low Volatility,drawdown,-0.022533942352324057
2021-01-07,Low Volatility,drawdown,-0.02699363534945159
2021-01-08,Low Volatility,drawdown,-0.025930466935075697
2021-01-11,Low Volatility,drawdown,-0.03081489399341253
2021-01-12,Low Volatility,drawdown,-0.03513279530184625
2021-01-13,Low Volatility,drawdown,-0.029265886376187936
2021-01-14,Low Volatility,drawdown,-0.03275830300430188
2021-01-15,Low Volatility,drawdown,-0.030254817391600228
2021-01-19,Low Volatility,drawdown,-0.03056900490504399
2021-01-20,Low Volatility,drawdown,-0.027250229354195254
2021-01-21,Low Volatility,drawdown,-0.03103483173462362
2021-01-22,Low Volatility,drawdown,-0.03126349730357608
2021-01-25,Low Volatility,drawdown,-0.024250194471502163
2021-01-26,Low Volatility,drawdown,-0.025696340184053517
2021-01-27,Low Volatility,drawdown,-0.03943768962062763
2021-01-28,Low Volatility,drawdown,-0.037019725937818014
2021-01-29,Low Volatility,drawdown,-0.04263941159716028
2021-02-01,Low Volatility,drawdown,-0.040700361672166695
2021-02-02,Low Volatility,drawdown,-0.03800645993567691
2021-02-03,Low Volatility,drawdown,-0.038384687174314334
2021-02-04,Low Volatility,drawdown,-0.0350370816657412
2021-02-05,Low Volatility,drawdown,-0.03168139271764534
2021-02-08,Low Volatility,drawdown,-0.033215118718924505
2021-02-09,Low Volatility,drawdown,-0.03335317038419914
2021-02-10,Low Volatility,drawdown,-0.03354625658923232
2021-02-11,Low Volatility,drawdown,-0.03672108133526906
2021-02-12,Low Volatility,drawdown,-0.039028859548368995
2021-02-16,Low Volatility,drawdown,-0.04308506594686711
2021-02-17,Low Volatility,drawdown,-0.03811499378632714
2021-02-18,Low Volatility,drawdown,-0.03712363534467651
2021-02-19,Low Volatility,drawdown,-0.04628088095246847
2021-02-22,Low Volatility,drawdown,-0.04886267096480273
2021-02-23,Low Volatility,drawdown,-0.047400535174098715
2021-02-24,Low Volatility,drawdown,-0.049432451954767594
2021-02-25,Low Volatility,drawdown,-0.05728129311722808
2021-02-26,Low Volatility,drawdown,-0.06811255753430297
2021-03-01,Low Volatility,drawdown,-0.0596651795546112
2021-03-02,Low Volatility,drawdown,-0.05994910037247438
2021-03-03,Low Volatility,drawdown,-0.06519928085518366
2021-03-04,Low Volatility,drawdown,-0.0680135059115998
2021-03-05,Low Volatility,drawdown,-0.054685404214391206
2021-03-08,Low Volatility,drawdown,-0.04964345195309056
2021-03-09,Low Volatility,drawdown,-0.04737297722576689
2021-03-10,Low Volatility,drawdown,-0.03982620728503865
2021-03-11,Low Volatility,drawdown,-0.04330511429956697
2021-03-12,Low Volatility,drawdown,-0.039244688486934014
2021-03-15,Low Volatility,drawdown,-0.03287190730822943
2021-03-16,Low Volatility,drawdown,-0.03209267550472837
2021-03-17,Low Volatility,drawdown,-0.037676952830794364
2021-03-18,Low Volatility,drawdown,-0.040098577477845954
2021-03-19,Low Volatility,drawdown,-0.03811490626931837
2021-03-22,Low Volatility,drawdown,-0.03331094777058028
2021-03-23,Low Volatility,drawdown,-0.027075129703578768
2021-03-24,Low Volatility,drawdown,-0.025161665346268083
2021-03-25,Low Volatility,drawdown,-0.021240575442518558
2021-03-26,Low Volatility,drawdown,-0.013497269789207593
2021-03-29,Low Volatility,drawdown,-0.007066013397893151
2021-03-30,Low Volatility,drawdown,-0.01449262591931273
2021-03-31,Low Volatility,drawdown,-0.01359216436230189
2021-04-01,Low Volatility,drawdown,-0.011202624300412991
2021-04-05,Low Volatility,drawdown,-0.006104825796592601
2021-04-06,Low Volatility,drawdown,-0.003220753217415725
2021-04-07,Low Volatility,drawdown,-0.004006075165128076
2021-04-08,Low Volatility,drawdown,-0.004948914793300416
2021-04-09,Low Volatility,drawdown,-0.004469178604656405
2021-04-12,Low Volatility,drawdown,-0.0034157986178712024
2021-04-13,Low Volatility,drawdown,-0.0004219804230810208
2021-04-14,Low Volatility,drawdown,0.0
2021-04-15,Low Volatility,drawdown,0.0
2021-04-16,Low Volatility,drawdown,0.0
2021-04-19,Low Volatility,drawdown,-0.000818425928557296
2021-04-20,Low Volatility,drawdown,0.0
2021-04-21,Low Volatility,drawdown,0.0
2021-04-22,Low Volatility,drawdown,-0.003061357871547142
2021-04-23,Low Volatility,drawdown,-0.002782113075066026
2021-04-26,Low Volatility,drawdown,-0.008878543515241437
2021-04-27,Low Volatility,drawdown,-0.01125011798402297
2021-04-28,Low Volatility,drawdown,-0.012223225686343034
2021-04-29,Low Volatility,drawdown,-0.006800776717760792
2021-04-30,Low Volatility,drawdown,-0.0035068997136381685
2021-05-03,Low Volatility,drawdown,0.0
2021-05-04,Low Volatility,drawdown,0.0
2021-05-05,Low Volatility,drawdown,-0.002097651763659409
2021-05-06,Low Volatility,drawdown,0.0
2021-05-07,Low Volatility,drawdown,0.0
2021-05-10,Low Volatility,drawdown,0.0
2021-05-11,Low Volatility,drawdown,-0.008403183884309601
2021-05-12,Low Volatility,drawdown,-0.019096967156439545
2021-05-13,Low Volatility,drawdown,-0.009170141251784742
2021-05-14,Low Volatility,drawdown,-0.006223760598183512
2021-05-17,Low Volatility,drawdown,-0.009077727909948846
2021-05-18,Low Volatility,drawdown,-0.011896845129122877
2021-05-19,Low Volatility,drawdown,-0.015490487438793636
2021-05-20,Low Volatility,drawdown,-0.009792098027146935
2021-05-21,Low Volatility,drawdown,-0.007892083758831927
2021-05-24,Low Volatility,drawdown,-0.007892441297760741
2021-05-25,Low Volatility,drawdown,-0.010651094013989084
2021-05-26,Low Volatility,drawdown,-0.011753927650761173
2021-05-27,Low Volatility,drawdown,-0.01453621244488779
2021-05-28,Low Volatility,drawdown,-0.013228196205065126
2021-06-01,Low Volatility,drawdown,-0.016698135510926256
2021-06-02,Low Volatility,drawdown,-0.013018809733413423
2021-06-03,Low Volatility,drawdown,-0.0109647193823865
2021-06-04,Low Volatility,drawdown,-0.00816852300317437
2021-06-07,Low Volatility,drawdown,-0.010230183470809983
2021-06-08,Low Volatility,drawdown,-0.015460059072138294
2021-06-09,Low Volatility,drawdown,-0.012159114958067933
2021-06-10,Low Volatility,drawdown,-0.006829409999596318
2021-06-11,Low Volatility,drawdown,-0.006734633014331881
2021-06-14,Low Volatility,drawdown,-0.007434971868643018
2021-06-15,Low Volatility,drawdown,-0.006331182536896272
2021-06-16,Low Volatility,drawdown,-0.014870049344894852
2021-06-17,Low Volatility,drawdown,-0.014034983148311279
2021-06-18,Low Volatility,drawdown,-0.025978405689453424
2021-06-21,Low Volatility,drawdown,-0.018036097059183562
2021-06-22,Low Volatility,drawdown,-0.018556424674146425
2021-06-23,Low Volatility,drawdown,-0.023984970691297278
2021-06-24,Low Volatility,drawdown,-0.02235542064046976
2021-06-25,Low Volatility,drawdown,-0.01867601920589393
2021-06-28,Low Volatility,drawdown,-0.01778410400153465
2021-06-29,Low Volatility,drawdown,-0.023175408127772718
2021-06-30,Low Volatility,drawdown,-0.020131208529152875
2021-07-01,Low Volatility,drawdown,-0.0156885096699656
2021-07-02,Low Volatility,drawdown,-0.012108717925582898
2021-07-06,Low Volatility,drawdown,-0.010926995339182892
2021-07-07,Low Volatility,drawdown,-0.006043203849914745
2021-07-08,Low Volatility,drawdown,-0.007686998894016339
2021-07-09,Low Volatility,drawdown,-0.005789907806482361
2021-07-12,Low Volatility,drawdown,-0.0053120158698006245
2021-07-13,Low Volatility,drawdown,-0.006761724050108366
2021-07-14,Low Volatility,drawdown,-0.000712678395250904
2021-07-15,Low Volatility,drawdown,0.0
2021-07-16,Low Volatility,drawdown,0.0
2021-07-19,Low Volatility,drawdown,-0.007139586855352074
2021-07-20,Low Volatility,drawdown,-0.004946358536952848
2021-07-21,Low Volatility,drawdown,-0.0073471656660555355
2021-07-22,Low Volatility,drawdown,-0.0054008052499844635
2021-07-23,Low Volatility,drawdown,0.0
2021-07-26,Low Volatility,drawdown,0.0
2021-07-27,Low Volatility,drawdown,0.0
2021-07-28,Low Volatility,drawdown,-0.0047192397801885675
2021-07-29,Low Volatility,drawdown,-0.00272666278153914
2021-07-30,Low Volatility,drawdown,-0.004082565836216793
2021-08-02,Low Volatility,drawdown,-0.0031696575768166563
2021-08-03,Low Volatility,drawdown,0.0
2021-08-04,Low Volatility,drawdown,-0.003917067861528974
2021-08-05,Low Volatility,drawdown,-6.103873656339229e-05
2021-08-06,Low Volatility,drawdown,-0.003126411322874505
2021-08-09,Low Volatility,drawdown,-0.004654244721690286
2021-08-10,Low Volatility,drawdown,-0.003093273057593979
2021-08-11,Low Volatility,drawdown,0.0
2021-08-12,Low Volatility,drawdown,0.0
2021-08-13,Low Volatility,drawdown,0.0
2021-08-16,Low Volatility,drawdown,0.0
2021-08-17,Low Volatility,drawdown,0.0
2021-08-18,Low Volatility,drawdown,-0.007425714821297052
2021-08-19,Low Volatility,drawdown,-0.0036559265666038063
2021-08-20,Low Volatility,drawdown,-0.0002667265974546707
2021-08-23,Low Volatility,drawdown,-0.0033577460535977642
2021-08-24,Low Volatility,drawdown,-0.007407644188636203
2021-08-25,Low Volatility,drawdown,-0.0077131389321257625
2021-08-26,Low Volatility,drawdown,-0.010152026207766309
2021-08-27,Low Volatility,drawdown,-0.007970011563608034
2021-08-30,Low Volatility,drawdown,-0.005055231080057094
2021-08-31,Low Volatility,drawdown,-0.00572265133585707
2021-09-01,Low Volatility,drawdown,-0.003555488962674727
2021-09-02,Low Volatility,drawdown,0.0
2021-09-03,Low Volatility,drawdown,-0.002841076990752817
2021-09-07,Low Volatility,drawdown,-0.014340140994169807
2021-09-08,Low Volatility,drawdown,-0.005754832136593213
2021-09-09,Low Volatility,drawdown,-0.009448370741216969
2021-09-10,Low Volatility,drawdown,-0.014748471480767234
2021-09-13,Low Volatility,drawdown,-0.014319541828798124
2021-09-14,Low Volatility,drawdown,-0.01578855506087725
2021-09-15,Low Volatility,drawdown,-0.014964017736212877
2021-09-16,Low Volatility,drawdown,-0.019325718814935687
2021-09-17,Low Volatility,drawdown,-0.025689497217842788
2021-09-20,Low Volatility,drawdown,-0.027802891135710543
2021-09-21,Low Volatility,drawdown,-0.028156229771109847
2021-09-22,Low Volatility,drawdown,-0.02721674723224372
2021-09-23,Low Volatility,drawdown,-0.027874299604165736
2021-09-24,Low Volatility,drawdown,-0.027693651383900453
2021-09-27,Low Volatility,drawdown,-0.033020770570331696
2021-09-28,Low Volatility,drawdown,-0.040908852561929374
2021-09-29,Low Volatility,drawdown,-0.03399521123553405
2021-09-30,Low Volatility,drawdown,-0.0402350448376181
2021-10-01,Low Volatility,drawdown,-0.03662605366944705
2021-10-04,Low Volatility,drawdown,-0.033121311578326644
2021-10-05,Low Volatility,drawdown,-0.03270917514411011
2021-10-06,Low Volatility,drawdown,-0.026277489517457446
2021-10-07,Low Volatility,drawdown,-0.024515091304808535
2021-10-08,Low Volatility,drawdown,-0.028111522103549492
2021-10-11,Low Volatility,drawdown,-0.033532454787960145
2021-10-12,Low Volatility,drawdown,-0.03333391558879856
2021-10-13,Low Volatility,drawdown,-0.030073902158597277
2021-10-14,Low Volatility,drawdown,-0.02326360772158231
2021-10-15,Low Volatility,drawdown,-0.025204706415144298
2021-10-18,Low Volatility,drawdown,-0.03031477954895349
2021-10-19,Low Volatility,drawdown,-0.023524391686222668
2021-10-20,Low Volatility,drawdown,-0.016648117199660237
2021-10-21,Low Volatility,drawdown,-0.01626654188737877
2021-10-22,Low Volatility,drawdown,-0.013091120499782147
2021-10-25,Low Volatility,drawdown,-0.01537606428277323
2021-10-26,Low Volatility,drawdown,-0.013677607392275587
2021-10-27,Low Volatility,drawdown,-0.016524703580260598
2021-10-28,Low Volatility,drawdown,-0.01084693848441729
2021-10-29,Low Volatility,drawdown,-0.009258494192818793
2021-11-01,Low Volatility,drawdown,-0.0089493466374131
2021-11-02,Low Volatility,drawdown,-0.004892576169429276
2021-11-03,Low Volatility,drawdown,-0.007733764339854264
2021-11-04,Low Volatility,drawdown,-0.006669840812121706
2021-11-05,Low Volatility,drawdown,-0.004059121513212088
2021-11-08,Low Volatility,drawdown,-0.009789781723111707
2021-11-09,Low Volatility,drawdown,-0.007138105061801013
2021-11-10,Low Volatility,drawdown,-0.003924608566017845
2021-11-11,Low Volatility,drawdown,-0.008149202019592641
2021-11-12,Low Volatility,drawdown,-0.007828739720649777
2021-11-15,Low Volatility,drawdown,-0.0052814338844191
2021-11-16,Low Volatility,drawdown,-0.008337895399739892
2021-11-17,Low Volatility,drawdown,-0.0077005770704725186
2021-11-18,Low Volatility,drawdown,-0.009468811955486071
2021-11-19,Low Volatility,drawdown,-0.00987781938420045
2021-11-22,Low Volatility,drawdown,-0.006324073563366605
2021-11-23,Low Volatility,drawdown,-0.003197373940375422
2021-11-24,Low Volatility,drawdown,-0.003723457629543279
2021-11-26,Low Volatility,drawdown,-0.014156802622125783
2021-11-29,Low Volatility,drawdown,-0.010123163519740594
2021-11-30,Low Volatility,drawdown,-0.02956750723239019
2021-12-01,Low Volatility,drawdown,-0.031109020333879647
2021-12-02,Low Volatility,drawdown,-0.02328996136044105
2021-12-03,Low Volatility,drawdown,-0.014347840487419175
2021-12-06,Low Volatility,drawdown,-0.006770578937519661
2021-12-07,Low Volatility,drawdown,-0.004292776405142534
2021-12-08,Low Volatility,drawdown,-0.005523371433323631
2021-12-09,Low Volatility,drawdown,-0.005745219478408015
2021-12-10,Low Volatility,drawdown,0.0
2021-12-13,Low Volatility,drawdown,0.0
2021-12-14,Low Volatility,drawdown,-0.001169666706428815
2021-12-15,Low Volatility,drawdown,0.0
2021-12-16,Low Volatility,drawdown,0.0
2021-12-17,Low Volatility,drawdown,-0.010424604724933803
2021-12-20,Low Volatility,drawdown,-0.009584920454527102
2021-12-21,Low Volatility,drawdown,-0.011500302187459581
2021-12-22,Low Volatility,drawdown,-0.007305022969338602
2021-12-23,Low Volatility,drawdown,-0.006713153511575521
2021-12-27,Low Volatility,drawdown,-0.0013354477151482152
2021-12-28,Low Volatility,drawdown,0.0
2021-12-29,Low Volatility,drawdown,0.0
2021-12-30,Low Volatility,drawdown,0.0
2021-12-31,Low Volatility,drawdown,0.0
2022-01-03,Low Volatility,drawdown,-0.004897468654636688
2022-01-04,Low Volatility,drawdown,-0.003750031675025317
2022-01-05,Low Volatility,drawdown,-0.002282452238350847
2022-01-06,Low Volatility,drawdown,-0.0040139108002546055
2022-01-07,Low Volatility,drawdown,-0.0010392393071661655
2022-01-10,Low Volatility,drawdown,-0.0042508460877717265
2022-01-11,Low Volatility,drawdown,-0.006979790603490514
2022-01-12,Low Volatility,drawdown,-0.006102875207975139
2022-01-13,Low Volatility,drawdown,-0.005209041593006684
2022-01-14,Low Volatility,drawdown,-0.007992773926689884
2022-01-18,Low Volatility,drawdown,-0.015149978563784099
2022-01-19,Low Volatility,drawdown,-0.013217784152755412
2022-01-20,Low Volatility,drawdown,-0.01626621338276639
2022-01-21,Low Volatility,drawdown,-0.01713550810346336
2022-01-24,Low Volatility,drawdown,-0.02226096407216777
2022-01-25,Low Volatility,drawdown,-0.025182885812891586
2022-01-26,Low Volatility,drawdown,-0.031664723230824456
2022-01-27,Low Volatility,drawdown,-0.028078314061275336
2022-01-28,Low Volatility,drawdown,-0.016979471501370677
2022-01-31,Low Volatility,drawdown,-0.011240454476706623
2022-02-01,Low Volatility,drawdown,-0.01687079223437108
2022-02-02,Low Volatility,drawdown,-0.008480774317023659
2022-02-03,Low Volatility,drawdown,-0.011262059515471377
2022-02-04,Low Volatility,drawdown,-0.018342896411888975
2022-02-07,Low Volatility,drawdown,-0.018655634962872862
2022-02-08,Low Volatility,drawdown,-0.018068212016851506
2022-02-09,Low Volatility,drawdown,-0.016190988585900408
2022-02-10,Low Volatility,drawdown,-0.03085825938844388
2022-02-11,Low Volatility,drawdown,-0.03114688673667637
2022-02-14,Low Volatility,drawdown,-0.03674449458373702
2022-02-15,Low Volatility,drawdown,-0.037943931811395444
2022-02-16,Low Volatility,drawdown,-0.037655181411938715
2022-02-17,Low Volatility,drawdown,-0.03476885938857915
2022-02-18,Low Volatility,drawdown,-0.03228896175389352
2022-02-22,Low Volatility,drawdown,-0.03354628020728778
2022-02-23,Low Volatility,drawdown,-0.0411925303745269
2022-02-24,Low Volatility,drawdown,-0.0437585927563355
2022-02-25,Low Volatility,drawdown,-0.02435746434834389
2022-02-28,Low Volatility,drawdown,-0.024833400279255225
2022-03-01,Low Volatility,drawdown,-0.025551499919002418
2022-03-02,Low Volatility,drawdown,-0.020031087221265443
2022-03-03,Low Volatility,drawdown,-0.01109934200710767
2022-03-04,Low Volatility,drawdown,0.0
2022-03-07,Low Volatility,drawdown,-0.003414904514736661
2022-03-08,Low Volatility,drawdown,-0.0175604946479653
2022-03-09,Low Volatility,drawdown,-0.019423715426557346
2022-03-10,Low Volatility,drawdown,-0.01898740494244477
2022-03-11,Low Volatility,drawdown,-0.019531572144789112
2022-03-14,Low Volatility,drawdown,-0.02061960074157022
2022-03-15,Low Volatility,drawdown,-0.012388830793510533
2022-03-16,Low Volatility,drawdown,-0.011696571029794234
2022-03-17,Low Volatility,drawdown,-0.0048465699223865545
2022-03-18,Low Volatility,drawdown,-0.006726860136401839
2022-03-21,Low Volatility,drawdown,-0.00586365015391457
2022-03-22,Low Volatility,drawdown,-0.00690369680173003
2022-03-23,Low Volatility,drawdown,-0.005992312514651829
2022-03-24,Low Volatility,drawdown,-0.0011783232200372215
2022-03-25,Low Volatility,drawdown,0.0
2022-03-28,Low Volatility,drawdown,0.0
2022-03-29,Low Volatility,drawdown,0.0
2022-03-30,Low Volatility,drawdown,0.0
2022-03-31,Low Volatility,drawdown,-0.004685892611753364
2020-04-02,Mid Volatility,cum_ret,1.0301692496765344
2020-04-03,Mid Volatility,cum_ret,1.0049305707212508
2020-04-06,Mid Volatility,cum_ret,1.0825657458998263
2020-04-07,Mid Volatility,cum_ret,1.0808801264815584
2020-04-08,Mid Volatility,cum_ret,1.1232691845290699
2020-04-09,Mid Volatility,cum_ret,1.1457406122644287
2020-04-13,Mid Volatility,cum_ret,1.1319560675853504
2020-04-14,Mid Volatility,cum_ret,1.1632988086940874
2020-04-15,Mid Volatility,cum_ret,1.1318957844545137
2020-04-16,Mid Volatility,cum_ret,1.1321140930821592
2020-04-17,Mid Volatility,cum_ret,1.1691494626498629
2020-04-20,Mid Volatility,cum_ret,1.1416842879550695
2020-04-21,Mid Volatility,cum_ret,1.1051145974366512
2020-04-22,Mid Volatility,cum_ret,1.1356518649330787
2020-04-23,Mid Volatility,cum_ret,1.1305254588781117
2020-04-24,Mid Volatility,cum_ret,1.1482372699200585
2020-04-27,Mid Volatility,cum_ret,1.1699273100922012
2020-04-28,Mid Volatility,cum_ret,1.1643668802060785
2020-04-29,Mid Volatility,cum_ret,1.1931630014078225
2020-04-30,Mid Volatility,cum_ret,1.1783323910313217
2020-05-01,Mid Volatility,cum_ret,1.1456192439989266
2020-05-04,Mid Volatility,cum_ret,1.1530814323253362
2020-05-05,Mid Volatility,cum_ret,1.1638270074180974
2020-05-06,Mid Volatility,cum_ret,1.1513195617254304
2020-05-07,Mid Volatility,cum_ret,1.1662332222514202
2020-05-08,Mid Volatility,cum_ret,1.1893164147100312
2020-05-11,Mid Volatility,cum_ret,1.1868018551220285
2020-05-12,Mid Volatility,cum_ret,1.1631829764566932
2020-05-13,Mid Volatility,cum_ret,1.1416694566488383
2020-05-14,Mid Volatility,cum_ret,1.1614558690147299
2020-05-15,Mid Volatility,cum_ret,1.1609489709936915
2020-05-18,Mid Volatility,cum_ret,1.2056092067759459
2020-05-19,Mid Volatility,cum_ret,1.1914545760450554
2020-05-20,Mid Volatility,cum_ret,1.2136254397285031
2020-05-21,Mid Volatility,cum_ret,1.2028897696885188
2020-05-22,Mid Volatility,cum_ret,1.2048987368887603
2020-05-26,Mid Volatility,cum_ret,1.222821753175015
2020-05-27,Mid Volatility,cum_ret,1.243033304892785
2020-05-28,Mid Volatility,cum_ret,1.24126168022965
2020-05-29,Mid Volatility,cum_ret,1.2480897350441569
2020-06-01,Mid Volatility,cum_ret,1.2536145096701747
2020-06-02,Mid Volatility,cum_ret,1.2657266097528674
2020-06-03,Mid Volatility,cum_ret,1.2830536434951596
2020-06-04,Mid Volatility,cum_ret,1.2764714207379764
2020-06-05,Mid Volatility,cum_ret,1.306179687541789
2020-06-08,Mid Volatility,cum_ret,1.3267702403893522
2020-06-09,Mid Volatility,cum_ret,1.311953508766355
2020-06-10,Mid Volatility,cum_ret,1.3014300765136122
2020-06-11,Mid Volatility,cum_ret,1.2210584405712153
2020-06-12,Mid Volatility,cum_ret,1.2394346615908287
2020-06-15,Mid Volatility,cum_ret,1.2476347528647234
2020-06-16,Mid Volatility,cum_ret,1.2711885644642014
2020-06-17,Mid Volatility,cum_ret,1.2624586793673074
2020-06-18,Mid Volatility,cum_ret,1.2640384966574059
2020-06-19,Mid Volatility,cum_ret,1.2522076732851335
2020-06-22,Mid Volatility,cum_ret,1.2629072743452414
2020-06-23,Mid Volatility,cum_ret,1.2649922125422208
2020-06-24,Mid Volatility,cum_ret,1.2367305926008514
2020-06-25,Mid Volatility,cum_ret,1.2489110263373864
2020-06-26,Mid Volatility,cum_ret,1.2171352300427087
2020-06-29,Mid Volatility,cum_ret,1.2341406384723477
2020-06-30,Mid Volatility,cum_ret,1.2509678985903916
2020-07-01,Mid Volatility,cum_ret,1.258155200631027
2020-07-02,Mid Volatility,cum_ret,1.2627302130212628
2020-07-06,Mid Volatility,cum_ret,1.280013663887997
2020-07-07,Mid Volatility,cum_ret,1.2627275479261577
2020-07-08,Mid Volatility,cum_ret,1.275496779377317
2020-07-09,Mid Volatility,cum_ret,1.2637959067951035
2020-07-10,Mid Volatility,cum_ret,1.2839448766990493
2020-07-13,Mid Volatility,cum_ret,1.273627627878622
2020-07-14,Mid Volatility,cum_ret,1.2843103318709637
2020-07-15,Mid Volatility,cum_ret,1.2937121988485738
2020-07-16,Mid Volatility,cum_ret,1.2896351415087863
2020-07-17,Mid Volatility,cum_ret,1.2958081970883482
2020-07-20,Mid Volatility,cum_ret,1.3029736618232735
2020-07-21,Mid Volatility,cum_ret,1.3059779968213174
2020-07-22,Mid Volatility,cum_ret,1.3093421850464468
2020-07-23,Mid Volatility,cum_ret,1.2953261320117226
2020-07-24,Mid Volatility,cum_ret,1.2860454922719777
2020-07-27,Mid Volatility,cum_ret,1.2923841011351502
2020-07-28,Mid Volatility,cum_ret,1.2892280237964537
2020-07-29,Mid Volatility,cum_ret,1.3015736420626745
2020-07-30,Mid Volatility,cum_ret,1.2939516822441683
2020-07-31,Mid Volatility,cum_ret,1.3009742602376073
2020-08-03,Mid Volatility,cum_ret,1.3061178076271684
2020-08-04,Mid Volatility,cum_ret,1.3114599742648692
2020-08-05,Mid Volatility,cum_ret,1.315983973158601
2020-08-06,Mid Volatility,cum_ret,1.3273924538841435
2020-08-07,Mid Volatility,cum_ret,1.3311317852614895
2020-08-10,Mid Volatility,cum_ret,1.3369322025095138
2020-08-11,Mid Volatility,cum_ret,1.324687498630665
2020-08-12,Mid Volatility,cum_ret,1.3409376375051738
2020-08-13,Mid Volatility,cum_ret,1.33643638588389
2020-08-14,Mid Volatility,cum_ret,1.3343819103686176
2020-08-17,Mid Volatility,cum_ret,1.3331750190852039
2020-08-18,Mid Volatility,cum_ret,1.3328622897000253
2020-08-19,Mid Volatility,cum_ret,1.3318983673498566
2020-08-20,Mid Volatility,cum_ret,1.3336406585603766
2020-08-21,Mid Volatility,cum_ret,1.3344955370282947
2020-08-24,Mid Volatility,cum_ret,1.3514784778312758
2020-08-25,Mid Volatility,cum_ret,1.3544341816783507
2020-08-26,Mid Volatility,cum_ret,1.3700592198221682
2020-08-27,Mid Volatility,cum_ret,1.3719230656842827
2020-08-28,Mid Volatility,cum_ret,1.3810642998023368
2020-08-31,Mid Volatility,cum_ret,1.37528778055989
2020-09-01,Mid Volatility,cum_ret,1.3787321743610401
2020-09-02,Mid Volatility,cum_ret,1.4008801051574347
2020-09-03,Mid Volatility,cum_ret,1.3625537445889733
2020-09-04,Mid Volatility,cum_ret,1.3530308361100891
2020-09-08,Mid Volatility,cum_ret,1.3223243139575978
2020-09-09,Mid Volatility,cum_ret,1.344106548614099
2020-09-10,Mid Volatility,cum_ret,1.323118842239637
2020-09-11,Mid Volatility,cum_ret,1.3238727994101473
2020-09-14,Mid Volatility,cum_ret,1.3376791027353847
2020-09-15,Mid Volatility,cum_ret,1.3427321435427955
2020-09-16,Mid Volatility,cum_ret,1.3406920502217192
2020-09-17,Mid Volatility,cum_ret,1.3283343983270919
2020-09-18,Mid Volatility,cum_ret,1.3106628595830478
2020-09-21,Mid Volatility,cum_ret,1.2962049584941457
2020-09-22,Mid Volatility,cum_ret,1.3070577460826598
2020-09-23,Mid Volatility,cum_ret,1.276371785525542
2020-09-24,Mid Volatility,cum_ret,1.2842002117229079
2020-09-25,Mid Volatility,cum_ret,1.302745560673926
2020-09-28,Mid Volatility,cum_ret,1.321392619326517
2020-09-29,Mid Volatility,cum_ret,1.3153568469279613
2020-09-30,Mid Volatility,cum_ret,1.3246290131749217
2020-10-01,Mid Volatility,cum_ret,1.3313369461457012
2020-10-02,Mid Volatility,cum_ret,1.3253293622758877
2020-10-05,Mid Volatility,cum_ret,1.3472319213378636
2020-10-06,Mid Volatility,cum_ret,1.333958072867695
2020-10-07,Mid Volatility,cum_ret,1.3559837504445886
2020-10-08,Mid Volatility,cum_ret,1.372115152305117
2020-10-09,Mid Volatility,cum_ret,1.3809125479065627
2020-10-12,Mid Volatility,cum_ret,1.3975634165225002
2020-10-13,Mid Volatility,cum_ret,1.3891021147454066
2020-10-14,Mid Volatility,cum_ret,1.3775221778746518
2020-10-15,Mid Volatility,cum_ret,1.3768197084224079
2020-10-16,Mid Volatility,cum_ret,1.380261879733556
2020-10-19,Mid Volatility,cum_ret,1.3623822406229056
2020-10-20,Mid Volatility,cum_ret,1.368103855597155
2020-10-21,Mid Volatility,cum_ret,1.3639166009359818
2020-10-22,Mid Volatility,cum_ret,1.3735144166612305
2020-10-23,Mid Volatility,cum_ret,1.3754455529898266
2020-10-26,Mid Volatility,cum_ret,1.3502402588989888
2020-10-27,Mid Volatility,cum_ret,1.3407604822236359
2020-10-28,Mid Volatility,cum_ret,1.2926081390302226
2020-10-29,Mid Volatility,cum_ret,1.3073892075805345
2020-10-30,Mid Volatility,cum_ret,1.2930621938366142
2020-11-02,Mid Volatility,cum_ret,1.3075960059805545
2020-11-03,Mid Volatility,cum_ret,1.330353692879491
2020-11-04,Mid Volatility,cum_ret,1.351098556925555
2020-11-05,Mid Volatility,cum_ret,1.3766315571104908
2020-11-06,Mid Volatility,cum_ret,1.3714456112828908
2020-11-09,Mid Volatility,cum_ret,1.4051836632955146
2020-11-10,Mid Volatility,cum_ret,1.4017784715350365
2020-11-11,Mid Volatility,cum_ret,1.4131035207715534
2020-11-12,Mid Volatility,cum_ret,1.3937905402119224
2020-11-13,Mid Volatility,cum_ret,1.4143819839195475
2020-11-16,Mid Volatility,cum_ret,1.4312369173585555
2020-11-17,Mid Volatility,cum_ret,1.4266637961183355
2020-11-18,Mid Volatility,cum_ret,1.4087802856791727
2020-11-19,Mid Volatility,cum_ret,1.4151638489103642
2020-11-20,Mid Volatility,cum_ret,1.4064587785119225
2020-11-23,Mid Volatility,cum_ret,1.4202898375554092
2020-11-24,Mid Volatility,cum_ret,1.4503048237590512
2020-11-25,Mid Volatility,cum_ret,1.446186147748815
2020-11-27,Mid Volatility,cum_ret,1.445826096011128
2020-11-30,Mid Volatility,cum_ret,1.4337395602072494
2020-12-01,Mid Volatility,cum_ret,1.4495416956626668
2020-12-02,Mid Volatility,cum_ret,1.4554224625084142
2020-12-03,Mid Volatility,cum_ret,1.4529061394053395
2020-12-04,Mid Volatility,cum_ret,1.4675394331335763
2020-12-07,Mid Volatility,cum_ret,1.4675062884877954
2020-12-08,Mid Volatility,cum_ret,1.4715288068159469
2020-12-09,Mid Volatility,cum_ret,1.4665722836549602
2020-12-10,Mid Volatility,cum_ret,1.4671490686379556
2020-12-11,Mid Volatility,cum_ret,1.4626162254709403
2020-12-14,Mid Volatility,cum_ret,1.4547839707823622
2020-12-15,Mid Volatility,cum_ret,1.4755015634641027
2020-12-16,Mid Volatility,cum_ret,1.477566964554417
2020-12-17,Mid Volatility,cum_ret,1.4831968053721851
2020-12-18,Mid Volatility,cum_ret,1.473363011599885
2020-12-21,Mid Volatility,cum_ret,1.4723725278492228
2020-12-22,Mid Volatility,cum_ret,1.4646940329487155
2020-12-23,Mid Volatility,cum_ret,1.4691962844008748
2020-12-24,Mid Volatility,cum_ret,1.474590871210587
2020-12-28,Mid Volatility,cum_ret,1.4857271117671167
2020-12-29,Mid Volatility,cum_ret,1.4847626329159507
2020-12-30,Mid Volatility,cum_ret,1.487233443063979
2020-12-31,Mid Volatility,cum_ret,1.49973700376133
2021-01-04,Mid Volatility,cum_ret,1.476411981907364
2021-01-05,Mid Volatility,cum_ret,1.4863651047909694
2021-01-06,Mid Volatility,cum_ret,1.5029815640297792
2021-01-07,Mid Volatility,cum_ret,1.5133511809191411
2021-01-08,Mid Volatility,cum_ret,1.5212397859390503
2021-01-11,Mid Volatility,cum_ret,1.5196088720320469
2021-01-12,Mid Volatility,cum_ret,1.5187947743650105
2021-01-13,Mid Volatility,cum_ret,1.5274118886490875
2021-01-14,Mid Volatility,cum_ret,1.5254333327389793
2021-01-15,Mid Volatility,cum_ret,1.5146003618316153
2021-01-19,Mid Volatility,cum_ret,1.5207663573581214
2021-01-20,Mid Volatility,cum_ret,1.5378825105796912
2021-01-21,Mid Volatility,cum_ret,1.5364202325228933
2021-01-22,Mid Volatility,cum_ret,1.5252633447388664
2021-01-25,Mid Volatility,cum_ret,1.5300024644117063
2021-01-26,Mid Volatility,cum_ret,1.5270236246781033
2021-01-27,Mid Volatility,cum_ret,1.4852373456187022
2021-01-28,Mid Volatility,cum_ret,1.5087071955395635
2021-01-29,Mid Volatility,cum_ret,1.4836574916128757
2021-02-01,Mid Volatility,cum_ret,1.5049847294991445
2021-02-02,Mid Volatility,cum_ret,1.5268052014791587
2021-02-03,Mid Volatility,cum_ret,1.5290650125466396
2021-02-04,Mid Volatility,cum_ret,1.5488864843806256
2021-02-05,Mid Volatility,cum_ret,1.5539478118311663
2021-02-08,Mid Volatility,cum_ret,1.564291347201532
2021-02-09,Mid Volatility,cum_ret,1.5618205776817338
2021-02-10,Mid Volatility,cum_ret,1.5651385770034871
2021-02-11,Mid Volatility,cum_ret,1.5645475783772016
2021-02-12,Mid Volatility,cum_ret,1.5688871526766672
2021-02-16,Mid Volatility,cum_ret,1.57224198761226
2021-02-17,Mid Volatility,cum_ret,1.5750594710876917
2021-02-18,Mid Volatility,cum_ret,1.5732640188137725
2021-02-19,Mid Volatility,cum_ret,1.565794164347949
2021-02-22,Mid Volatility,cum_ret,1.5532211301214514
2021-02-23,Mid Volatility,cum_ret,1.5578442758581663
2021-02-24,Mid Volatility,cum_ret,1.5731879742918355
2021-02-25,Mid Volatility,cum_ret,1.5415753157751928
2021-02-26,Mid Volatility,cum_ret,1.5277183465604565
2021-03-01,Mid Volatility,cum_ret,1.5616434750781345
2021-03-02,Mid Volatility,cum_ret,1.551976581737214
2021-03-03,Mid Volatility,cum_ret,1.5381021209557408
2021-03-04,Mid Volatility,cum_ret,1.5229295804826406
2021-03-05,Mid Volatility,cum_ret,1.550542842634443
2021-03-08,Mid Volatility,cum_ret,1.5531887210702089
2021-03-09,Mid Volatility,cum_ret,1.5717397727161662
2021-03-10,Mid Volatility,cum_ret,1.5857642361297937
2021-03-11,Mid Volatility,cum_ret,1.5952794946503015
2021-03-12,Mid Volatility,cum_ret,1.6005513318090916
2021-03-15,Mid Volatility,cum_ret,1.6072468964611053
2021-03-16,Mid Volatility,cum_ret,1.610294457299167
2021-03-17,Mid Volatility,cum_ret,1.6064180540509652
2021-03-18,Mid Volatility,cum_ret,1.590148101741169
2021-03-19,Mid Volatility,cum_ret,1.5899464081572516
2021-03-22,Mid Volatility,cum_ret,1.5945441968790504
2021-03-23,Mid Volatility,cum_ret,1.5872833778208593
2021-03-24,Mid Volatility,cum_ret,1.5790094349860342
2021-03-25,Mid Volatility,cum_ret,1.5881630358905792
2021-03-26,Mid Volatility,cum_ret,1.6140333352900764
2021-03-29,Mid Volatility,cum_ret,1.6119332609303627
2021-03-30,Mid Volatility,cum_ret,1.6069984364806402
2021-03-31,Mid Volatility,cum_ret,1.6109912590489104
2021-04-01,Mid Volatility,cum_ret,1.6279549835422131
2021-04-05,Mid Volatility,cum_ret,1.6468288099755894
2021-04-06,Mid Volatility,cum_ret,1.6460347037162806
2021-04-07,Mid Volatility,cum_ret,1.6508091783063266
2021-04-08,Mid Volatility,cum_ret,1.6568023620746668
2021-04-09,Mid Volatility,cum_ret,1.6672661381052483
2021-04-12,Mid Volatility,cum_ret,1.6627183166629094
2021-04-13,Mid Volatility,cum_ret,1.665966127672429
2021-04-14,Mid Volatility,cum_ret,1.6674834118205375
2021-04-15,Mid Volatility,cum_ret,1.6853472119031057
2021-04-16,Mid Volatility,cum_ret,1.6956686798707916
2021-04-19,Mid Volatility,cum_ret,1.6861024003350444
2021-04-20,Mid Volatility,cum_ret,1.6758385272486103
2021-04-21,Mid Volatility,cum_ret,1.6877310306031177
2021-04-22,Mid Volatility,cum_ret,1.6693368378927107
2021-04-23,Mid Volatility,cum_ret,1.6826239029347412
2021-04-26,Mid Volatility,cum_ret,1.6845656677075491
2021-04-27,Mid Volatility,cum_ret,1.684387972211953
2021-04-28,Mid Volatility,cum_ret,1.6838751253248774
2021-04-29,Mid Volatility,cum_ret,1.7004783295808241
2021-04-30,Mid Volatility,cum_ret,1.6865906299593991
2021-05-03,Mid Volatility,cum_ret,1.6928008645127752
2021-05-04,Mid Volatility,cum_ret,1.6841810626142975
2021-05-05,Mid Volatility,cum_ret,1.6821080071248151
2021-05-06,Mid Volatility,cum_ret,1.7012540703294772
2021-05-07,Mid Volatility,cum_ret,1.7128561353899954
2021-05-10,Mid Volatility,cum_ret,1.6978737335424998
2021-05-11,Mid Volatility,cum_ret,1.682249823111852
2021-05-12,Mid Volatility,cum_ret,1.6484454211567587
2021-05-13,Mid Volatility,cum_ret,1.6703899614847824
2021-05-14,Mid Volatility,cum_ret,1.692179339929621
2021-05-17,Mid Volatility,cum_ret,1.6874033657627925
2021-05-18,Mid Volatility,cum_ret,1.6770385130728107
2021-05-19,Mid Volatility,cum_ret,1.6744483311823104
2021-05-20,Mid Volatility,cum_ret,1.689030598574003
2021-05-21,Mid Volatility,cum_ret,1.6918047663001805
2021-05-24,Mid Volatility,cum_ret,1.706100012977988
2021-05-25,Mid Volatility,cum_ret,1.69957697512266
2021-05-26,Mid Volatility,cum_ret,1.7027579809307678
2021-05-27,Mid Volatility,cum_ret,1.7019147296257888
2021-05-28,Mid Volatility,cum_ret,1.7057116918735853
2021-06-01,Mid Volatility,cum_ret,1.7053007119098973
2021-06-02,Mid Volatility,cum_ret,1.7106845793986656
2021-06-03,Mid Volatility,cum_ret,1.707303621559727
2021-06-04,Mid Volatility,cum_ret,1.7202539904556564
2021-06-07,Mid Volatility,cum_ret,1.723665098026064
2021-06-08,Mid Volatility,cum_ret,1.7231184064342342
2021-06-09,Mid Volatility,cum_ret,1.7255513915026082
2021-06-10,Mid Volatility,cum_ret,1.7340964092882756
2021-06-11,Mid Volatility,cum_ret,1.737231263773797
2021-06-14,Mid Volatility,cum_ret,1.7393914559024513
2021-06-15,Mid Volatility,cum_ret,1.7348151817521795
2021-06-16,Mid Volatility,cum_ret,1.720485110511379
2021-06-17,Mid Volatility,cum_ret,1.7140933784521735
2021-06-18,Mid Volatility,cum_ret,1.6851143605247085
2021-06-21,Mid Volatility,cum_ret,1.7097846663688903
2021-06-22,Mid Volatility,cum_ret,1.7155880713285332
2021-06-23,Mid Volatility,cum_ret,1.7088148990227356
2021-06-24,Mid Volatility,cum_ret,1.7222756970358453
2021-06-25,Mid Volatility,cum_ret,1.7356458330943167
2021-06-28,Mid Volatility,cum_ret,1.7380966578421273
2021-06-29,Mid Volatility,cum_ret,1.7344558804355061
2021-06-30,Mid Volatility,cum_ret,1.7352729304484886
2021-07-01,Mid Volatility,cum_ret,1.7461934951759672
2021-07-02,Mid Volatility,cum_ret,1.756652924645066
2021-07-06,Mid Volatility,cum_ret,1.7507025242183796
2021-07-07,Mid Volatility,cum_ret,1.7560745370277047
2021-07-08,Mid Volatility,cum_ret,1.7436132808781641
2021-07-09,Mid Volatility,cum_ret,1.7611615413049817
2021-07-12,Mid Volatility,cum_ret,1.7696614685009215
2021-07-13,Mid Volatility,cum_ret,1.7637159749846616
2021-07-14,Mid Volatility,cum_ret,1.769645786328557
2021-07-15,Mid Volatility,cum_ret,1.7691564146352934
2021-07-16,Mid Volatility,cum_ret,1.759865226900078
2021-07-19,Mid Volatility,cum_ret,1.7300224973913882
2021-07-20,Mid Volatility,cum_ret,1.7526616721561703
2021-07-21,Mid Volatility,cum_ret,1.7672008743027083
2021-07-22,Mid Volatility,cum_ret,1.7731827952707968
2021-07-23,Mid Volatility,cum_ret,1.7878717196223555
2021-07-26,Mid Volatility,cum_ret,1.7947146616666552
2021-07-27,Mid Volatility,cum_ret,1.7905681444771866
2021-07-28,Mid Volatility,cum_ret,1.7877523378034397
2021-07-29,Mid Volatility,cum_ret,1.7978758625414506
2021-07-30,Mid Volatility,cum_ret,1.7867057259244743
2021-08-02,Mid Volatility,cum_ret,1.786157347332432
2021-08-03,Mid Volatility,cum_ret,1.7997686557246335
2021-08-04,Mid Volatility,cum_ret,1.7954590373941477
2021-08-05,Mid Volatility,cum_ret,1.8106866383249143
2021-08-06,Mid Volatility,cum_ret,1.8155579288622818
2021-08-09,Mid Volatility,cum_ret,1.8122445070230668
2021-08-10,Mid Volatility,cum_ret,1.8160973987018054
2021-08-11,Mid Volatility,cum_ret,1.82329367653942
2021-08-12,Mid Volatility,cum_ret,1.827005717884712
2021-08-13,Mid Volatility,cum_ret,1.8329855890765712
2021-08-16,Mid Volatility,cum_ret,1.8358210542647533
2021-08-17,Mid Volatility,cum_ret,1.8213199586284308
2021-08-18,Mid Volatility,cum_ret,1.8062915530432662
2021-08-19,Mid Volatility,cum_ret,1.8057462420980217
2021-08-20,Mid Volatility,cum_ret,1.821796185568388
2021-08-23,Mid Volatility,cum_ret,1.8346064731329859
2021-08-24,Mid Volatility,cum_ret,1.836442347466041
2021-08-25,Mid Volatility,cum_ret,1.840332042589152
2021-08-26,Mid Volatility,cum_ret,1.8305769230201538
2021-08-27,Mid Volatility,cum_ret,1.8437014575721253
2021-08-30,Mid Volatility,cum_ret,1.8439940949272693
2021-08-31,Mid Volatility,cum_ret,1.8392530184913294
2021-09-01,Mid Volatility,cum_ret,1.842156704068583
2021-09-02,Mid Volatility,cum_ret,1.8473887436113594
2021-09-03,Mid Volatility,cum_ret,1.8459635965465668
2021-09-07,Mid Volatility,cum_ret,1.836777346036144
2021-09-08,Mid Volatility,cum_ret,1.8395569408523254
2021-09-09,Mid Volatility,cum_ret,1.8311966874168921
2021-09-10,Mid Volatility,cum_ret,1.8177120470708725
2021-09-13,Mid Volatility,cum_ret,1.8233342986863534
2021-09-14,Mid Volatility,cum_ret,1.8092003983912597
2021-09-15,Mid Volatility,cum_ret,1.8175411693948085
2021-09-16,Mid Volatility,cum_ret,1.8126182528897872
2021-09-17,Mid Volatility,cum_ret,1.7951093587544276
2021-09-20,Mid Volatility,cum_ret,1.7701840831443933
2021-09-21,Mid Volatility,cum_ret,1.7666187356312724
2021-09-22,Mid Volatility,cum_ret,1.7790559300180373
2021-09-23,Mid Volatility,cum_ret,1.7993320780675581
2021-09-24,Mid Volatility,cum_ret,1.7998838242154205
2021-09-27,Mid Volatility,cum_ret,1.7977791333560427
2021-09-28,Mid Volatility,cum_ret,1.7638210436677695
2021-09-29,Mid Volatility,cum_ret,1.7698572432725441
2021-09-30,Mid Volatility,cum_ret,1.7502830889599552
2021-10-01,Mid Volatility,cum_ret,1.7711727753901463
2021-10-04,Mid Volatility,cum_ret,1.7575311909809452
2021-10-05,Mid Volatility,cum_ret,1.7732539161781535
2021-10-06,Mid Volatility,cum_ret,1.7791333067571367
2021-10-07,Mid Volatility,cum_ret,1.789235708255525
2021-10-08,Mid Volatility,cum_ret,1.7859771741520356
2021-10-11,Mid Volatility,cum_ret,1.768755213990119
2021-10-12,Mid Volatility,cum_ret,1.7669737256206575
2021-10-13,Mid Volatility,cum_ret,1.7770775793075062
2021-10-14,Mid Volatility,cum_ret,1.8064818224067325
2021-10-15,Mid Volatility,cum_ret,1.8229447758711959
2021-10-18,Mid Volatility,cum_ret,1.826740146746528
2021-10-19,Mid Volatility,cum_ret,1.8440177969009948
2021-10-20,Mid Volatility,cum_ret,1.8522423633784173
2021-10-21,Mid Volatility,cum_ret,1.8487745082820073
2021-10-22,Mid Volatility,cum_ret,1.8491814302584606
2021-10-25,Mid Volatility,cum_ret,1.8542066714247174
2021-10-26,Mid Volatility,cum_ret,1.8554904898759432
2021-10-27,Mid Volatility,cum_ret,1.8381094273334413
2021-10-28,Mid Volatility,cum_ret,1.8500509436731076
2021-10-29,Mid Volatility,cum_ret,1.8512706069671256
2021-11-01,Mid Volatility,cum_ret,1.8526456999108343
2021-11-02,Mid Volatility,cum_ret,1.8593629320545495
2021-11-03,Mid Volatility,cum_ret,1.8666271860587422
2021-11-04,Mid Volatility,cum_ret,1.873070728216941
2021-11-05,Mid Volatility,cum_ret,1.8881828115774795
2021-11-08,Mid Volatility,cum_ret,1.8841590200057543
2021-11-09,Mid Volatility,cum_ret,1.8815622085867665
2021-11-10,Mid Volatility,cum_ret,1.8723920036300772
2021-11-11,Mid Volatility,cum_ret,1.8708441013008752
2021-11-12,Mid Volatility,cum_ret,1.8810868530096143
2021-11-15,Mid Volatility,cum_ret,1.8878672687919482
2021-11-16,Mid Volatility,cum_ret,1.8975742240104978
2021-11-17,Mid Volatility,cum_ret,1.8884805940767762
2021-11-18,Mid Volatility,cum_ret,1.8834006013901439
2021-11-19,Mid Volatility,cum_ret,1.880919407043954
2021-11-22,Mid Volatility,cum_ret,1.8779129625496267
2021-11-23,Mid Volatility,cum_ret,1.8853992672018856
2021-11-24,Mid Volatility,cum_ret,1.8899943786420719
2021-11-26,Mid Volatility,cum_ret,1.8516805153842504
2021-11-29,Mid Volatility,cum_ret,1.8735345503578769
2021-11-30,Mid Volatility,cum_ret,1.8335278620728512
2021-12-01,Mid Volatility,cum_ret,1.8130617672992635
2021-12-02,Mid Volatility,cum_ret,1.8438332620762767
2021-12-03,Mid Volatility,cum_ret,1.835087757096921
2021-12-06,Mid Volatility,cum_ret,1.8548379514144855
2021-12-07,Mid Volatility,cum_ret,1.8861488382884186
2021-12-08,Mid Volatility,cum_ret,1.8820976553873454
2021-12-09,Mid Volatility,cum_ret,1.8741550209258873
2021-12-10,Mid Volatility,cum_ret,1.892868507125735
2021-12-13,Mid Volatility,cum_ret,1.883663843254053
2021-12-14,Mid Volatility,cum_ret,1.8694595092332902
2021-12-15,Mid Volatility,cum_ret,1.8990142346463894
2021-12-16,Mid Volatility,cum_ret,1.8889099635734792
2021-12-17,Mid Volatility,cum_ret,1.8593749785380422
2021-12-20,Mid Volatility,cum_ret,1.8386303811944356
2021-12-21,Mid Volatility,cum_ret,1.8646890498693496
2021-12-22,Mid Volatility,cum_ret,1.8778516318188594
2021-12-23,Mid Volatility,cum_ret,1.886933633939387
2021-12-27,Mid Volatility,cum_ret,1.9076655172982326
2021-12-28,Mid Volatility,cum_ret,1.907692842689728
2021-12-29,Mid Volatility,cum_ret,1.9109610257207938
2021-12-30,Mid Volatility,cum_ret,1.9101644396298147
2021-12-31,Mid Volatility,cum_ret,1.9074889763519625
2022-01-03,Mid Volatility,cum_ret,1.9173165977691045
2022-01-04,Mid Volatility,cum_ret,1.9181031791894294
2022-01-05,Mid Volatility,cum_ret,1.8874238234098313
2022-01-06,Mid Volatility,cum_ret,1.8863157039172032
2022-01-07,Mid Volatility,cum_ret,1.8820897134070274
2022-01-10,Mid Volatility,cum_ret,1.8810225930548718
2022-01-11,Mid Volatility,cum_ret,1.8915527680872952
2022-01-12,Mid Volatility,cum_ret,1.8925032300176867
2022-01-13,Mid Volatility,cum_ret,1.8738301902070194
2022-01-14,Mid Volatility,cum_ret,1.8663746891978363
2022-01-18,Mid Volatility,cum_ret,1.8345179243367236
2022-01-19,Mid Volatility,cum_ret,1.8254595917417364
2022-01-20,Mid Volatility,cum_ret,1.8121328179001874
2022-01-21,Mid Volatility,cum_ret,1.7868470387371733
2022-01-24,Mid Volatility,cum_ret,1.7916254571032026
2022-01-25,Mid Volatility,cum_ret,1.7750972445863649
2022-01-26,Mid Volatility,cum_ret,1.7701726686103525
2022-01-27,Mid Volatility,cum_ret,1.771089017067906
2022-01-28,Mid Volatility,cum_ret,1.8118285726005572
2022-01-31,Mid Volatility,cum_ret,1.838340563297012
2022-02-01,Mid Volatility,cum_ret,1.850526213497831
2022-02-02,Mid Volatility,cum_ret,1.8672337088469497
2022-02-03,Mid Volatility,cum_ret,1.8212394649564103
2022-02-04,Mid Volatility,cum_ret,1.8298880027505982
2022-02-07,Mid Volatility,cum_ret,1.8246542938536596
2022-02-08,Mid Volatility,cum_ret,1.833583153290363
2022-02-09,Mid Volatility,cum_ret,1.859239231417102
2022-02-10,Mid Volatility,cum_ret,1.8242828941847555
2022-02-11,Mid Volatility,cum_ret,1.795161038142215
2022-02-14,Mid Volatility,cum_ret,1.784647865230116
2022-02-15,Mid Volatility,cum_ret,1.8000355688051282
2022-02-16,Mid Volatility,cum_ret,1.800587810924204
2022-02-17,Mid Volatility,cum_ret,1.7647647399428594
2022-02-18,Mid Volatility,cum_ret,1.7500627213204605
2022-02-22,Mid Volatility,cum_ret,1.7336851078541942
2022-02-23,Mid Volatility,cum_ret,1.703322087382282
2022-02-24,Mid Volatility,cum_ret,1.7251485280782084
2022-02-25,Mid Volatility,cum_ret,1.7617927984535946
2022-02-28,Mid Volatility,cum_ret,1.7527618135223144
2022-03-01,Mid Volatility,cum_ret,1.7312190374168661
2022-03-02,Mid Volatility,cum_ret,1.7630328387382008
2022-03-03,Mid Volatility,cum_ret,1.7563597318985207
2022-03-04,Mid Volatility,cum_ret,1.7500471604158667
2022-03-07,Mid Volatility,cum_ret,1.7082570201341627
2022-03-08,Mid Volatility,cum_ret,1.70040411327152
2022-03-09,Mid Volatility,cum_ret,1.7375021282904313
2022-03-10,Mid Volatility,cum_ret,1.7297806583657636
2022-03-11,Mid Volatility,cum_ret,1.7093982997520718
2022-03-14,Mid Volatility,cum_ret,1.695630426331353
2022-03-15,Mid Volatility,cum_ret,1.7247423233580506
2022-03-16,Mid Volatility,cum_ret,1.7608964676045882
2022-03-17,Mid Volatility,cum_ret,1.7813590151867318
2022-03-18,Mid Volatility,cum_ret,1.7944729440832352
2022-03-21,Mid Volatility,cum_ret,1.7884964853808984
2022-03-22,Mid Volatility,cum_ret,1.8045574241357272
2022-03-23,Mid Volatility,cum_ret,1.7784404751277856
2022-03-24,Mid Volatility,cum_ret,1.8000523979088838
2022-03-25,Mid Volatility,cum_ret,1.8087778041132074
2022-03-28,Mid Volatility,cum_ret,1.8174662984851144
2022-03-29,Mid Volatility,cum_ret,1.8402674386737679
2022-03-30,Mid Volatility,cum_ret,1.825825739528534
2022-03-31,Mid Volatility,cum_ret,1.7972165894590848
2020-05-14,Mid Volatility,rolling_vol,0.3870279358925328
2020-05-15,Mid Volatility,rolling_vol,0.38008800902599904
2020-05-18,Mid Volatility,rolling_vol,0.38214880692389624
2020-05-19,Mid Volatility,rolling_vol,0.32568436001655293
2020-05-20,Mid Volatility,rolling_vol,0.32829421594500063
2020-05-21,Mid Volatility,rolling_vol,0.31326127513214824
2020-05-22,Mid Volatility,rolling_vol,0.3088231619499122
2020-05-26,Mid Volatility,rolling_vol,0.3082213402927135
2020-05-27,Mid Volatility,rolling_vol,0.3021709886626917
2020-05-28,Mid Volatility,rolling_vol,0.28918207075375635
2020-05-29,Mid Volatility,rolling_vol,0.289130636160254
2020-06-01,Mid Volatility,rolling_vol,0.27587624247307085
2020-06-02,Mid Volatility,rolling_vol,0.26519521928668616
2020-06-03,Mid Volatility,rolling_vol,0.24361947386271837
2020-06-04,Mid Volatility,rolling_vol,0.2358436489948194
2020-06-05,Mid Volatility,rolling_vol,0.24074904780126638
2020-06-08,Mid Volatility,rolling_vol,0.24078622038883507
2020-06-09,Mid Volatility,rolling_vol,0.24140850853470247
2020-06-10,Mid Volatility,rolling_vol,0.24261006846938865
2020-06-11,Mid Volatility,rolling_vol,0.3040006429186275
2020-06-12,Mid Volatility,rolling_vol,0.303990535267367
2020-06-15,Mid Volatility,rolling_vol,0.29074450831037113
2020-06-16,Mid Volatility,rolling_vol,0.294209238267539
2020-06-17,Mid Volatility,rolling_vol,0.2950621124915328
2020-06-18,Mid Volatility,rolling_vol,0.2923192098696295
2020-06-19,Mid Volatility,rolling_vol,0.29298642588869783
2020-06-22,Mid Volatility,rolling_vol,0.28905606125513744
2020-06-23,Mid Volatility,rolling_vol,0.2887958276430037
2020-06-24,Mid Volatility,rolling_vol,0.29054811784645873
2020-06-25,Mid Volatility,rolling_vol,0.2845671540090675
2020-06-26,Mid Volatility,rolling_vol,0.29306010466506854
2020-06-29,Mid Volatility,rolling_vol,0.29514048504750173
2020-06-30,Mid Volatility,rolling_vol,0.2775025923728166
2020-07-01,Mid Volatility,rolling_vol,0.2749845630113928
2020-07-02,Mid Volatility,rolling_vol,0.2705196210697158
2020-07-06,Mid Volatility,rolling_vol,0.2709942130580518
2020-07-07,Mid Volatility,rolling_vol,0.27477659544182065
2020-07-08,Mid Volatility,rolling_vol,0.2731459073612924
2020-07-09,Mid Volatility,rolling_vol,0.27101131655019056
2020-07-10,Mid Volatility,rolling_vol,0.27450306639124894
2020-07-13,Mid Volatility,rolling_vol,0.27544203712277643
2020-07-14,Mid Volatility,rolling_vol,0.2761419444104726
2020-07-15,Mid Volatility,rolling_vol,0.2755798221930745
2020-07-16,Mid Volatility,rolling_vol,0.27304824205099804
2020-07-17,Mid Volatility,rolling_vol,0.2728840846768007
2020-07-20,Mid Volatility,rolling_vol,0.2649416144556713
2020-07-21,Mid Volatility,rolling_vol,0.2608520475587474
2020-07-22,Mid Volatility,rolling_vol,0.25899126971724873
2020-07-23,Mid Volatility,rolling_vol,0.25983480973050366
2020-07-24,Mid Volatility,rolling_vol,0.17855107053482236
2020-07-27,Mid Volatility,rolling_vol,0.1744236586220892
2020-07-28,Mid Volatility,rolling_vol,0.17404912795602973
2020-07-29,Mid Volatility,rolling_vol,0.16790672487770542
2020-07-30,Mid Volatility,rolling_vol,0.16752767214124475
2020-07-31,Mid Volatility,rolling_vol,0.16805378709920502
2020-08-03,Mid Volatility,rolling_vol,0.1653317996372213
2020-08-04,Mid Volatility,rolling_vol,0.16417290178440913
2020-08-05,Mid Volatility,rolling_vol,0.1642924355460898
2020-08-06,Mid Volatility,rolling_vol,0.149016389218026
2020-08-07,Mid Volatility,rolling_vol,0.14735062695243004
2020-08-10,Mid Volatility,rolling_vol,0.12136533765423241
2020-08-11,Mid Volatility,rolling_vol,0.12203705189864922
2020-08-12,Mid Volatility,rolling_vol,0.12102047438543632
2020-08-13,Mid Volatility,rolling_vol,0.12165870447904469
2020-08-14,Mid Volatility,rolling_vol,0.12198321137136485
2020-08-17,Mid Volatility,rolling_vol,0.11697764336242521
2020-08-18,Mid Volatility,rolling_vol,0.10821779843174122
2020-08-19,Mid Volatility,rolling_vol,0.10554604127693613
2020-08-20,Mid Volatility,rolling_vol,0.10060279530269924
2020-08-21,Mid Volatility,rolling_vol,0.09141464662407574
2020-08-24,Mid Volatility,rolling_vol,0.09269819646471139
2020-08-25,Mid Volatility,rolling_vol,0.09071470606566209
2020-08-26,Mid Volatility,rolling_vol,0.09368268082249889
2020-08-27,Mid Volatility,rolling_vol,0.09246631861968836
2020-08-28,Mid Volatility,rolling_vol,0.09309803392643384
2020-08-31,Mid Volatility,rolling_vol,0.09426902181736654
2020-09-01,Mid Volatility,rolling_vol,0.09427995832552498
2020-09-02,Mid Volatility,rolling_vol,0.10279423111917048
2020-09-03,Mid Volatility,rolling_vol,0.1297229250486964
2020-09-04,Mid Volatility,rolling_vol,0.12961867450761427
2020-09-08,Mid Volatility,rolling_vol,0.14752991503965
2020-09-09,Mid Volatility,rolling_vol,0.15388758139288755
2020-09-10,Mid Volatility,rolling_vol,0.15959204848452602
2020-09-11,Mid Volatility,rolling_vol,0.1584278975657022
2020-09-14,Mid Volatility,rolling_vol,0.1603349304650164
2020-09-15,Mid Volatility,rolling_vol,0.16030703062383198
2020-09-16,Mid Volatility,rolling_vol,0.16016957981118798
2020-09-17,Mid Volatility,rolling_vol,0.16251729921229716
2020-09-18,Mid Volatility,rolling_vol,0.16523239206733276
2020-09-21,Mid Volatility,rolling_vol,0.1677616216947344
2020-09-22,Mid Volatility,rolling_vol,0.16923543494649118
2020-09-23,Mid Volatility,rolling_vol,0.1804369224684965
2020-09-24,Mid Volatility,rolling_vol,0.1773388584965215
2020-09-25,Mid Volatility,rolling_vol,0.183002081432434
2020-09-28,Mid Volatility,rolling_vol,0.18811034068991153
2020-09-29,Mid Volatility,rolling_vol,0.18850940354563248
2020-09-30,Mid Volatility,rolling_vol,0.18975090974829073
2020-10-01,Mid Volatility,rolling_vol,0.1903513727029181
2020-10-02,Mid Volatility,rolling_vol,0.19074922790117393
2020-10-05,Mid Volatility,rolling_vol,0.19672698452565918
2020-10-06,Mid Volatility,rolling_vol,0.19529628665766333
2020-10-07,Mid Volatility,rolling_vol,0.2011930356322884
2020-10-08,Mid Volatility,rolling_vol,0.20137141772904046
2020-10-09,Mid Volatility,rolling_vol,0.20218214964471706
2020-10-12,Mid Volatility,rolling_vol,0.20424061797601373
2020-10-13,Mid Volatility,rolling_vol,0.20468010247882262
2020-10-14,Mid Volatility,rolling_vol,0.20610005564679584
2020-10-15,Mid Volatility,rolling_vol,0.20046421404846065
2020-10-16,Mid Volatility,rolling_vol,0.18328111638351013
2020-10-19,Mid Volatility,rolling_vol,0.1862158058891896
2020-10-20,Mid Volatility,rolling_vol,0.1729967231651197
2020-10-21,Mid Volatility,rolling_vol,0.16722250837114971
2020-10-22,Mid Volatility,rolling_vol,0.16092133280480328
2020-10-23,Mid Volatility,rolling_vol,0.16090903513291213
2020-10-26,Mid Volatility,rolling_vol,0.1683051550775713
2020-10-27,Mid Volatility,rolling_vol,0.1692900750409207
2020-10-28,Mid Volatility,rolling_vol,0.19969395207352295
2020-10-29,Mid Volatility,rolling_vol,0.20141792018067625
2020-10-30,Mid Volatility,rolling_vol,0.2002144865589814
2020-11-02,Mid Volatility,rolling_vol,0.20033230711426792
2020-11-03,Mid Volatility,rolling_vol,0.20505551749548004
2020-11-04,Mid Volatility,rolling_vol,0.19589924924462868
2020-11-05,Mid Volatility,rolling_vol,0.20158313975505365
2020-11-06,Mid Volatility,rolling_vol,0.19901612249753065
2020-11-09,Mid Volatility,rolling_vol,0.2065298900301297
2020-11-10,Mid Volatility,rolling_vol,0.20602336454513037
2020-11-11,Mid Volatility,rolling_vol,0.2062559281051541
2020-11-12,Mid Volatility,rolling_vol,0.2111101941285829
2020-11-13,Mid Volatility,rolling_vol,0.21364107243694863
2020-11-16,Mid Volatility,rolling_vol,0.2114062315569361
2020-11-17,Mid Volatility,rolling_vol,0.20900199743236964
2020-11-18,Mid Volatility,rolling_vol,0.20885162169747912
2020-11-19,Mid Volatility,rolling_vol,0.2067062389054969
2020-11-20,Mid Volatility,rolling_vol,0.20708080648445631
2020-11-23,Mid Volatility,rolling_vol,0.20612674643177945
2020-11-24,Mid Volatility,rolling_vol,0.213319134994779
2020-11-25,Mid Volatility,rolling_vol,0.21170611266233447
2020-11-27,Mid Volatility,rolling_vol,0.21168462150500278
2020-11-30,Mid Volatility,rolling_vol,0.2136417228832966
2020-12-01,Mid Volatility,rolling_vol,0.2109840351733191
2020-12-02,Mid Volatility,rolling_vol,0.21097200338782096
2020-12-03,Mid Volatility,rolling_vol,0.21072540190903793
2020-12-04,Mid Volatility,rolling_vol,0.21151308252928022
2020-12-07,Mid Volatility,rolling_vol,0.21160057855737774
2020-12-08,Mid Volatility,rolling_vol,0.20233625608699432
2020-12-09,Mid Volatility,rolling_vol,0.2010488947476305
2020-12-10,Mid Volatility,rolling_vol,0.16272956006431258
2020-12-11,Mid Volatility,rolling_vol,0.16260822719939066
2020-12-14,Mid Volatility,rolling_vol,0.1589353097584103
2020-12-15,Mid Volatility,rolling_vol,0.16033570792469534
2020-12-16,Mid Volatility,rolling_vol,0.15548092837357444
2020-12-17,Mid Volatility,rolling_vol,0.15129316704549764
2020-12-18,Mid Volatility,rolling_vol,0.14633227097639634
2020-12-21,Mid Volatility,rolling_vol,0.14549388685795103
2020-12-22,Mid Volatility,rolling_vol,0.13128587795029345
2020-12-23,Mid Volatility,rolling_vol,0.1308659104046861
2020-12-24,Mid Volatility,rolling_vol,0.12959030827423224
2020-12-28,Mid Volatility,rolling_vol,0.12240720665516057
2020-12-29,Mid Volatility,rolling_vol,0.11669190350496134
2020-12-30,Mid Volatility,rolling_vol,0.11259663194314581
2020-12-31,Mid Volatility,rolling_vol,0.11358695376907665
2021-01-04,Mid Volatility,rolling_vol,0.11721860133412099
2021-01-05,Mid Volatility,rolling_vol,0.11787178526503297
2021-01-06,Mid Volatility,rolling_vol,0.11856949324472471
2021-01-07,Mid Volatility,rolling_vol,0.11724683753507238
2021-01-08,Mid Volatility,rolling_vol,0.1033805807418137
2021-01-11,Mid Volatility,rolling_vol,0.10284627267903738
2021-01-12,Mid Volatility,rolling_vol,0.10289566920757874
2021-01-13,Mid Volatility,rolling_vol,0.09897107437021026
2021-01-14,Mid Volatility,rolling_vol,0.09576895491052635
2021-01-15,Mid Volatility,rolling_vol,0.09881713767845743
2021-01-19,Mid Volatility,rolling_vol,0.09868516038106594
2021-01-20,Mid Volatility,rolling_vol,0.09961532741566946
2021-01-21,Mid Volatility,rolling_vol,0.09977981834425756
2021-01-22,Mid Volatility,rolling_vol,0.10290713128827124
2021-01-25,Mid Volatility,rolling_vol,0.10211699904110998
2021-01-26,Mid Volatility,rolling_vol,0.10254462696356104
2021-01-27,Mid Volatility,rolling_vol,0.1323518288287949
2021-01-28,Mid Volatility,rolling_vol,0.13815601081416434
2021-01-29,Mid Volatility,rolling_vol,0.14198706491383017
2021-02-01,Mid Volatility,rolling_vol,0.1477305401396105
2021-02-02,Mid Volatility,rolling_vol,0.15281979073654395
2021-02-03,Mid Volatility,rolling_vol,0.15110497152843372
2021-02-04,Mid Volatility,rolling_vol,0.15467956637773606
2021-02-05,Mid Volatility,rolling_vol,0.15333166810701437
2021-02-08,Mid Volatility,rolling_vol,0.15390047938110438
2021-02-09,Mid Volatility,rolling_vol,0.1541848519856691
2021-02-10,Mid Volatility,rolling_vol,0.15326970265283946
2021-02-11,Mid Volatility,rolling_vol,0.15323498210486614
2021-02-12,Mid Volatility,rolling_vol,0.15326342718387284
2021-02-16,Mid Volatility,rolling_vol,0.1519936661492973
2021-02-17,Mid Volatility,rolling_vol,0.14292933806888605
2021-02-18,Mid Volatility,rolling_vol,0.1425637338019335
2021-02-19,Mid Volatility,rolling_vol,0.14105617497339926
2021-02-22,Mid Volatility,rolling_vol,0.1426202401939265
2021-02-23,Mid Volatility,rolling_vol,0.1421777532243145
2021-02-24,Mid Volatility,rolling_vol,0.1444134065534909
2021-02-25,Mid Volatility,rolling_vol,0.157216397703971
2021-02-26,Mid Volatility,rolling_vol,0.1587813625091268
2021-03-01,Mid Volatility,rolling_vol,0.17096588573395297
2021-03-02,Mid Volatility,rolling_vol,0.17061740291953603
2021-03-03,Mid Volatility,rolling_vol,0.1726341002259454
2021-03-04,Mid Volatility,rolling_vol,0.17198136624700536
2021-03-05,Mid Volatility,rolling_vol,0.1799415659915067
2021-03-08,Mid Volatility,rolling_vol,0.17852609977396888
2021-03-09,Mid Volatility,rolling_vol,0.18137930722406428
2021-03-10,Mid Volatility,rolling_vol,0.18261517827126147
2021-03-11,Mid Volatility,rolling_vol,0.16094304472586704
2021-03-12,Mid Volatility,rolling_vol,0.1559787670064565
2021-03-15,Mid Volatility,rolling_vol,0.14560935891316149
2021-03-16,Mid Volatility,rolling_vol,0.14139495870476662
2021-03-17,Mid Volatility,rolling_vol,0.1371826797116986
2021-03-18,Mid Volatility,rolling_vol,0.14143724203265207
2021-03-19,Mid Volatility,rolling_vol,0.13714682526834712
2021-03-22,Mid Volatility,rolling_vol,0.1370943576081515
2021-03-23,Mid Volatility,rolling_vol,0.13683706872712714
2021-03-24,Mid Volatility,rolling_vol,0.1377206770156021
2021-03-25,Mid Volatility,rolling_vol,0.13853200583965947
2021-03-26,Mid Volatility,rolling_vol,0.14573791646739956
2021-03-29,Mid Volatility,rolling_vol,0.14579524704503705
2021-03-30,Mid Volatility,rolling_vol,0.14619176541289514
2021-03-31,Mid Volatility,rolling_vol,0.1462490892230495
2021-04-01,Mid Volatility,rolling_vol,0.1487954781485404
2021-04-05,Mid Volatility,rolling_vol,0.15066060541523496
2021-04-06,Mid Volatility,rolling_vol,0.1479783961407695
2021-04-07,Mid Volatility,rolling_vol,0.14797394832673758
2021-04-08,Mid Volatility,rolling_vol,0.14619175342832075
2021-04-09,Mid Volatility,rolling_vol,0.13089335629865823
2021-04-12,Mid Volatility,rolling_vol,0.12724763082541254
2021-04-13,Mid Volatility,rolling_vol,0.11357340146292032
2021-04-14,Mid Volatility,rolling_vol,0.11085876709571008
2021-04-15,Mid Volatility,rolling_vol,0.1079229353213465
2021-04-16,Mid Volatility,rolling_vol,0.10096822225560298
2021-04-19,Mid Volatility,rolling_vol,0.09474052610844254
2021-04-20,Mid Volatility,rolling_vol,0.09816345000781991
2021-04-21,Mid Volatility,rolling_vol,0.0951332851971315
2021-04-22,Mid Volatility,rolling_vol,0.10056123449064025
2021-04-23,Mid Volatility,rolling_vol,0.10143345354572998
2021-04-26,Mid Volatility,rolling_vol,0.10134422120492066
2021-04-27,Mid Volatility,rolling_vol,0.10119711752321668
2021-04-28,Mid Volatility,rolling_vol,0.10133506315723931
2021-04-29,Mid Volatility,rolling_vol,0.1034179155569869
2021-04-30,Mid Volatility,rolling_vol,0.10155177228180684
2021-05-03,Mid Volatility,rolling_vol,0.10146980129457853
2021-05-04,Mid Volatility,rolling_vol,0.10354644770559131
2021-05-05,Mid Volatility,rolling_vol,0.10220202154906
2021-05-06,Mid Volatility,rolling_vol,0.10337122314057018
2021-05-07,Mid Volatility,rolling_vol,0.10369414323769542
2021-05-10,Mid Volatility,rolling_vol,0.1003315070235683
2021-05-11,Mid Volatility,rolling_vol,0.10492409804194486
2021-05-12,Mid Volatility,rolling_vol,0.12185372313360851
2021-05-13,Mid Volatility,rolling_vol,0.12697482888900277
2021-05-14,Mid Volatility,rolling_vol,0.12874309135017264
2021-05-17,Mid Volatility,rolling_vol,0.12550564820677193
2021-05-18,Mid Volatility,rolling_vol,0.12708370134489072
2021-05-19,Mid Volatility,rolling_vol,0.1270450062498101
2021-05-20,Mid Volatility,rolling_vol,0.12896010476282732
2021-05-21,Mid Volatility,rolling_vol,0.1278880533620489
2021-05-24,Mid Volatility,rolling_vol,0.12951995951311895
2021-05-25,Mid Volatility,rolling_vol,0.13017846727765
2021-05-26,Mid Volatility,rolling_vol,0.1302238288151391
2021-05-27,Mid Volatility,rolling_vol,0.12677882147420141
2021-05-28,Mid Volatility,rolling_vol,0.12573666924567817
2021-06-01,Mid Volatility,rolling_vol,0.12451926230123007
2021-06-02,Mid Volatility,rolling_vol,0.12321471633803412
2021-06-03,Mid Volatility,rolling_vol,0.12192425629797826
2021-06-04,Mid Volatility,rolling_vol,0.11872324620501946
2021-06-07,Mid Volatility,rolling_vol,0.11694617166746345
2021-06-08,Mid Volatility,rolling_vol,0.11698557973292682
2021-06-09,Mid Volatility,rolling_vol,0.11697129607074784
2021-06-10,Mid Volatility,rolling_vol,0.11752532914213389
2021-06-11,Mid Volatility,rolling_vol,0.11455005296218117
2021-06-14,Mid Volatility,rolling_vol,0.11139106244413007
2021-06-15,Mid Volatility,rolling_vol,0.1115887194910624
2021-06-16,Mid Volatility,rolling_vol,0.11342742530779716
2021-06-17,Mid Volatility,rolling_vol,0.11402609377477316
2021-06-18,Mid Volatility,rolling_vol,0.1203813410465272
2021-06-21,Mid Volatility,rolling_vol,0.12629817473718172
2021-06-22,Mid Volatility,rolling_vol,0.1238951927026687
2021-06-23,Mid Volatility,rolling_vol,0.12125777973299073
2021-06-24,Mid Volatility,rolling_vol,0.10570145498249195
2021-06-25,Mid Volatility,rolling_vol,0.10150563560074571
2021-06-28,Mid Volatility,rolling_vol,0.09528325208883293
2021-06-29,Mid Volatility,rolling_vol,0.09505904147745228
2021-06-30,Mid Volatility,rolling_vol,0.09268143378289251
2021-07-01,Mid Volatility,rolling_vol,0.09348131548523486
2021-07-02,Mid Volatility,rolling_vol,0.09197181825312037
2021-07-06,Mid Volatility,rolling_vol,0.09296558462161837
2021-07-07,Mid Volatility,rolling_vol,0.09059100077668059
2021-07-08,Mid Volatility,rolling_vol,0.09258404155021539
2021-07-09,Mid Volatility,rolling_vol,0.09629601973610664
2021-07-12,Mid Volatility,rolling_vol,0.09674875103529454
2021-07-13,Mid Volatility,rolling_vol,0.09763713559096202
2021-07-14,Mid Volatility,rolling_vol,0.0977597192095991
2021-07-15,Mid Volatility,rolling_vol,0.09768034170327594
2021-07-16,Mid Volatility,rolling_vol,0.09904164431326071
2021-07-19,Mid Volatility,rolling_vol,0.11005384518469645
2021-07-20,Mid Volatility,rolling_vol,0.11608289882474723
2021-07-21,Mid Volatility,rolling_vol,0.11816598753896643
2021-07-22,Mid Volatility,rolling_vol,0.11838583110877754
2021-07-23,Mid Volatility,rolling_vol,0.11974634349041195
2021-07-26,Mid Volatility,rolling_vol,0.12000351990247746
2021-07-27,Mid Volatility,rolling_vol,0.1204047854431537
2021-07-28,Mid Volatility,rolling_vol,0.12016815245636733
2021-07-29,Mid Volatility,rolling_vol,0.11756083853189865
2021-07-30,Mid Volatility,rolling_vol,0.11874282079800257
2021-08-02,Mid Volatility,rolling_vol,0.10531222870390639
2021-08-03,Mid Volatility,rolling_vol,0.09988057335019968
2021-08-04,Mid Volatility,rolling_vol,0.10044163148834079
2021-08-05,Mid Volatility,rolling_vol,0.10099935291264055
2021-08-06,Mid Volatility,rolling_vol,0.09946848664972456
2021-08-09,Mid Volatility,rolling_vol,0.09833092133449038
2021-08-10,Mid Volatility,rolling_vol,0.09835082142570134
2021-08-11,Mid Volatility,rolling_vol,0.09801056317529339
2021-08-12,Mid Volatility,rolling_vol,0.09794975857430048
2021-08-13,Mid Volatility,rolling_vol,0.0971186043713534
2021-08-16,Mid Volatility,rolling_vol,0.09623710569560164
2021-08-17,Mid Volatility,rolling_vol,0.09908548378954427
2021-08-18,Mid Volatility,rolling_vol,0.10274049183606443
2021-08-19,Mid Volatility,rolling_vol,0.09995427128799234
2021-08-20,Mid Volatility,rolling_vol,0.09911172866615361
2021-08-23,Mid Volatility,rolling_vol,0.10001983418163729
2021-08-24,Mid Volatility,rolling_vol,0.09908368263992816
2021-08-25,Mid Volatility,rolling_vol,0.09893015717700142
2021-08-26,Mid Volatility,rolling_vol,0.10069228352375663
2021-08-27,Mid Volatility,rolling_vol,0.10025737708605285
2021-08-30,Mid Volatility,rolling_vol,0.08341645866867933
2021-08-31,Mid Volatility,rolling_vol,0.07779767578861668
2021-09-01,Mid Volatility,rolling_vol,0.07519858382284693
2021-09-02,Mid Volatility,rolling_vol,0.07508980072751262
2021-09-03,Mid Volatility,rolling_vol,0.07240807008961514
2021-09-07,Mid Volatility,rolling_vol,0.07398031465338951
2021-09-08,Mid Volatility,rolling_vol,0.07342267346833141
2021-09-09,Mid Volatility,rolling_vol,0.07479108620342641
2021-09-10,Mid Volatility,rolling_vol,0.07696391682200542
2021-09-13,Mid Volatility,rolling_vol,0.07472874701845422
2021-09-14,Mid Volatility,rolling_vol,0.07862241050127944
2021-09-15,Mid Volatility,rolling_vol,0.076708214584637
2021-09-16,Mid Volatility,rolling_vol,0.07681075463527595
2021-09-17,Mid Volatility,rolling_vol,0.07812409445397335
2021-09-20,Mid Volatility,rolling_vol,0.08703806656626091
2021-09-21,Mid Volatility,rolling_vol,0.08705839059931816
2021-09-22,Mid Volatility,rolling_vol,0.08962684223281796
2021-09-23,Mid Volatility,rolling_vol,0.09531731215191114
2021-09-24,Mid Volatility,rolling_vol,0.09505872492986785
2021-09-27,Mid Volatility,rolling_vol,0.09439870695271732
2021-09-28,Mid Volatility,rolling_vol,0.10814630113502433
2021-09-29,Mid Volatility,rolling_vol,0.10712726625000664
2021-09-30,Mid Volatility,rolling_vol,0.10911028382651525
2021-10-01,Mid Volatility,rolling_vol,0.11535412688598574
2021-10-04,Mid Volatility,rolling_vol,0.1134913439338987
2021-10-05,Mid Volatility,rolling_vol,0.11481007457717082
2021-10-06,Mid Volatility,rolling_vol,0.11537695460897436
2021-10-07,Mid Volatility,rolling_vol,0.11667488117336956
2021-10-08,Mid Volatility,rolling_vol,0.11597357288529152
2021-10-11,Mid Volatility,rolling_vol,0.11618789045535645
2021-10-12,Mid Volatility,rolling_vol,0.1161025207041068
2021-10-13,Mid Volatility,rolling_vol,0.11785346368456913
2021-10-14,Mid Volatility,rolling_vol,0.12821818442606783
2021-10-15,Mid Volatility,rolling_vol,0.13093721838204297
2021-10-18,Mid Volatility,rolling_vol,0.13113587337085222
2021-10-19,Mid Volatility,rolling_vol,0.1333329266186026
2021-10-20,Mid Volatility,rolling_vol,0.1338682059740332
2021-10-21,Mid Volatility,rolling_vol,0.13325974314237407
2021-10-22,Mid Volatility,rolling_vol,0.1312439622592737
2021-10-25,Mid Volatility,rolling_vol,0.1311860632188286
2021-10-26,Mid Volatility,rolling_vol,0.12878081109526993
2021-10-27,Mid Volatility,rolling_vol,0.13159998977105034
2021-10-28,Mid Volatility,rolling_vol,0.13241856411343747
2021-10-29,Mid Volatility,rolling_vol,0.1287085705432131
2021-11-01,Mid Volatility,rolling_vol,0.12060764217954827
2021-11-02,Mid Volatility,rolling_vol,0.1202782745372187
2021-11-03,Mid Volatility,rolling_vol,0.11941885421969453
2021-11-04,Mid Volatility,rolling_vol,0.11597224097547905
2021-11-05,Mid Volatility,rolling_vol,0.11752752238736383
2021-11-08,Mid Volatility,rolling_vol,0.11775749089107308
2021-11-09,Mid Volatility,rolling_vol,0.1007560353154794
2021-11-10,Mid Volatility,rolling_vol,0.10270635080101014
2021-11-11,Mid Volatility,rolling_vol,0.0954631360622907
2021-11-12,Mid Volatility,rolling_vol,0.0915660248491887
2021-11-15,Mid Volatility,rolling_vol,0.08686195653642441
2021-11-16,Mid Volatility,rolling_vol,0.08506890577359806
2021-11-17,Mid Volatility,rolling_vol,0.08741547082593078
2021-11-18,Mid Volatility,rolling_vol,0.08771783110277435
2021-11-19,Mid Volatility,rolling_vol,0.08755329231089996
2021-11-22,Mid Volatility,rolling_vol,0.08130341264545882
2021-11-23,Mid Volatility,rolling_vol,0.08098632080786729
2021-11-24,Mid Volatility,rolling_vol,0.08029613173076139
2021-11-26,Mid Volatility,rolling_vol,0.09313594456403285
2021-11-29,Mid Volatility,rolling_vol,0.09547391218932393
2021-11-30,Mid Volatility,rolling_vol,0.11549591754879296
2021-12-01,Mid Volatility,rolling_vol,0.1165550964756681
2021-12-02,Mid Volatility,rolling_vol,0.12629832480183115
2021-12-03,Mid Volatility,rolling_vol,0.12691405409431478
2021-12-06,Mid Volatility,rolling_vol,0.13082760322682668
2021-12-07,Mid Volatility,rolling_vol,0.139302099492434
2021-12-08,Mid Volatility,rolling_vol,0.13952372607352437
2021-12-09,Mid Volatility,rolling_vol,0.13712058744114267
2021-12-10,Mid Volatility,rolling_vol,0.13875542176278513
2021-12-13,Mid Volatility,rolling_vol,0.13971491877919298
2021-12-14,Mid Volatility,rolling_vol,0.141692837824568
2021-12-15,Mid Volatility,rolling_vol,0.14830943820217551
2021-12-16,Mid Volatility,rolling_vol,0.14899355380365026
2021-12-17,Mid Volatility,rolling_vol,0.155818045935994
2021-12-20,Mid Volatility,rolling_vol,0.15691627309080378
2021-12-21,Mid Volatility,rolling_vol,0.16272014159015075
2021-12-22,Mid Volatility,rolling_vol,0.16407737958626287
2021-12-23,Mid Volatility,rolling_vol,0.16401231444251388
2021-12-27,Mid Volatility,rolling_vol,0.1668501304246884
2021-12-28,Mid Volatility,rolling_vol,0.16623120247693976
2021-12-29,Mid Volatility,rolling_vol,0.1660123320930793
2021-12-30,Mid Volatility,rolling_vol,0.1654182544859508
2021-12-31,Mid Volatility,rolling_vol,0.16481310876931593
2022-01-03,Mid Volatility,rolling_vol,0.16512594693883806
2022-01-04,Mid Volatility,rolling_vol,0.16502788517628647
2022-01-05,Mid Volatility,rolling_vol,0.17197302754110763
2022-01-06,Mid Volatility,rolling_vol,0.1716027209213854
2022-01-07,Mid Volatility,rolling_vol,0.17156542695499197
2022-01-10,Mid Volatility,rolling_vol,0.16039386052488352
2022-01-11,Mid Volatility,rolling_vol,0.15762543813066568
2022-01-12,Mid Volatility,rolling_vol,0.14330256986292716
2022-01-13,Mid Volatility,rolling_vol,0.14237499939998158
2022-01-14,Mid Volatility,rolling_vol,0.1349798152364858
2022-01-18,Mid Volatility,rolling_vol,0.14367130247016682
2022-01-19,Mid Volatility,rolling_vol,0.1406582312339246
2022-01-20,Mid Volatility,rolling_vol,0.1320071732708244
2022-01-21,Mid Volatility,rolling_vol,0.1370565203959628
2022-01-24,Mid Volatility,rolling_vol,0.137422163171201
2022-01-25,Mid Volatility,rolling_vol,0.1347800232407978
2022-01-26,Mid Volatility,rolling_vol,0.13454731917272358
2022-01-27,Mid Volatility,rolling_vol,0.1337146611834095
2022-01-28,Mid Volatility,rolling_vol,0.1429770780389861
2022-01-31,Mid Volatility,rolling_vol,0.14985110634177043
2022-02-01,Mid Volatility,rolling_vol,0.14451011353853765
2022-02-02,Mid Volatility,rolling_vol,0.1429297116714897
2022-02-03,Mid Volatility,rolling_vol,0.15498762111495898
2022-02-04,Mid Volatility,rolling_vol,0.15412120940789434
2022-02-07,Mid Volatility,rolling_vol,0.15326442875828097
2022-02-08,Mid Volatility,rolling_vol,0.15010446744239694
2022-02-09,Mid Volatility,rolling_vol,0.15643479063356489
2022-02-10,Mid Volatility,rolling_vol,0.16475578827786533
2022-02-11,Mid Volatility,rolling_vol,0.17000157209776698
2022-02-14,Mid Volatility,rolling_vol,0.17034257004654127
2022-02-15,Mid Volatility,rolling_vol,0.17192168835037544
2022-02-16,Mid Volatility,rolling_vol,0.1719088069771023
2022-02-17,Mid Volatility,rolling_vol,0.17507907979397894
2022-02-18,Mid Volatility,rolling_vol,0.175890654671581
2022-02-22,Mid Volatility,rolling_vol,0.17702035678671607
2022-02-23,Mid Volatility,rolling_vol,0.1820652854326493
2022-02-24,Mid Volatility,rolling_vol,0.18623094810439778
2022-02-25,Mid Volatility,rolling_vol,0.19872420072728766
2022-02-28,Mid Volatility,rolling_vol,0.1976305762823434
2022-03-01,Mid Volatility,rolling_vol,0.19976019520482047
2022-03-02,Mid Volatility,rolling_vol,0.20344337489899889
2022-03-03,Mid Volatility,rolling_vol,0.20329172674565665
2022-03-04,Mid Volatility,rolling_vol,0.2026152216872151
2022-03-07,Mid Volatility,rolling_vol,0.21018845982014323
2022-03-08,Mid Volatility,rolling_vol,0.20999214600209412
2022-03-09,Mid Volatility,rolling_vol,0.2192173830311473
2022-03-10,Mid Volatility,rolling_vol,0.21940824798683958
2022-03-11,Mid Volatility,rolling_vol,0.22169524579923586
2022-03-14,Mid Volatility,rolling_vol,0.2105096763000339
2022-03-15,Mid Volatility,rolling_vol,0.2123505729277872
2022-03-16,Mid Volatility,rolling_vol,0.22117365668675368
2022-03-17,Mid Volatility,rolling_vol,0.2223681889698365
2022-03-18,Mid Volatility,rolling_vol,0.21234020031351455
2022-03-21,Mid Volatility,rolling_vol,0.21190071571429014
2022-03-22,Mid Volatility,rolling_vol,0.21363810212914877
2022-03-23,Mid Volatility,rolling_vol,0.21690197635509834
2022-03-24,Mid Volatility,rolling_vol,0.2158782215213739
2022-03-25,Mid Volatility,rolling_vol,0.20966199710581976
2022-03-28,Mid Volatility,rolling_vol,0.2046566779441102
2022-03-29,Mid Volatility,rolling_vol,0.20665583579350572
2022-03-30,Mid Volatility,rolling_vol,0.20692926434167042
2022-03-31,Mid Volatility,rolling_vol,0.21223554844757142
2020-04-02,Mid Volatility,drawdown,0.0
2020-04-03,Mid Volatility,drawdown,-0.0244995460340215
2020-04-06,Mid Volatility,drawdown,0.0
2020-04-07,Mid Volatility,drawdown,-0.0015570596286203977
2020-04-08,Mid Volatility,drawdown,0.0
2020-04-09,Mid Volatility,drawdown,0.0
2020-04-13,Mid Volatility,drawdown,-0.012031121644396183
2020-04-14,Mid Volatility,drawdown,0.0
2020-04-15,Mid Volatility,drawdown,-0.026994804778341177
2020-04-16,Mid Volatility,drawdown,-0.026807141362876527
2020-04-17,Mid Volatility,drawdown,0.0
2020-04-20,Mid Volatility,drawdown,-0.02349158561176934
2020-04-21,Mid Volatility,drawdown,-0.05477046969518973
2020-04-22,Mid Volatility,drawdown,-0.028651253571003902
2020-04-23,Mid Volatility,drawdown,-0.03303598470995342
2020-04-24,Mid Volatility,drawdown,-0.017886671805337147
2020-04-27,Mid Volatility,drawdown,0.0
2020-04-28,Mid Volatility,drawdown,-0.004752799458698417
2020-04-29,Mid Volatility,drawdown,0.0
2020-04-30,Mid Volatility,drawdown,-0.012429659953419643
2020-05-01,Mid Volatility,drawdown,-0.03984682507989158
2020-05-04,Mid Volatility,drawdown,-0.033592701948680706
2020-05-05,Mid Volatility,drawdown,-0.024586744606655848
2020-05-06,Mid Volatility,drawdown,-0.03506934059556047
2020-05-07,Mid Volatility,drawdown,-0.022570075609642276
2020-05-08,Mid Volatility,drawdown,-0.003223856835363346
2020-05-11,Mid Volatility,drawdown,-0.005331330487358741
2020-05-12,Mid Volatility,drawdown,-0.025126512400866947
2020-05-13,Mid Volatility,drawdown,-0.04315717525453481
2020-05-14,Mid Volatility,drawdown,-0.02657401575114309
2020-05-15,Mid Volatility,drawdown,-0.02699885126853696
2020-05-18,Mid Volatility,drawdown,0.0
2020-05-19,Mid Volatility,drawdown,-0.011740645850526376
2020-05-20,Mid Volatility,drawdown,0.0
2020-05-21,Mid Volatility,drawdown,-0.008845950067086572
2020-05-22,Mid Volatility,drawdown,-0.007190606388158021
2020-05-26,Mid Volatility,drawdown,0.0
2020-05-27,Mid Volatility,drawdown,0.0
2020-05-28,Mid Volatility,drawdown,-0.0014252431179128948
2020-05-29,Mid Volatility,drawdown,0.0
2020-06-01,Mid Volatility,drawdown,0.0
2020-06-02,Mid Volatility,drawdown,0.0
2020-06-03,Mid Volatility,drawdown,0.0
2020-06-04,Mid Volatility,drawdown,-0.005130122805506895
2020-06-05,Mid Volatility,drawdown,0.0
2020-06-08,Mid Volatility,drawdown,0.0
2020-06-09,Mid Volatility,drawdown,-0.011167518815201295
2020-06-10,Mid Volatility,drawdown,-0.01909913495520047
2020-06-11,Mid Volatility,drawdown,-0.07967604080953376
2020-06-12,Mid Volatility,drawdown,-0.06582569923553162
2020-06-15,Mid Volatility,drawdown,-0.0596452084284057
2020-06-16,Mid Volatility,drawdown,-0.041892465050195817
2020-06-17,Mid Volatility,drawdown,-0.04847226676049957
2020-06-18,Mid Volatility,drawdown,-0.04728154266825971
2020-06-19,Mid Volatility,drawdown,-0.056198552571044766
2020-06-22,Mid Volatility,drawdown,-0.04813415623896542
2020-06-23,Mid Volatility,drawdown,-0.04656271746719468
2020-06-24,Mid Volatility,drawdown,-0.06786378307828031
2020-06-25,Mid Volatility,drawdown,-0.05868326834728926
2020-06-26,Mid Volatility,drawdown,-0.08263300382323177
2020-06-29,Mid Volatility,drawdown,-0.06981585740860571
2020-06-30,Mid Volatility,drawdown,-0.05713298315819607
2020-07-01,Mid Volatility,drawdown,-0.051715841725685295
2020-07-02,Mid Volatility,drawdown,-0.04826760912974378
2020-07-06,Mid Volatility,drawdown,-0.03524089934941109
2020-07-07,Mid Volatility,drawdown,-0.04826961783857966
2020-07-08,Mid Volatility,drawdown,-0.03864532038115995
2020-07-09,Mid Volatility,drawdown,-0.04746438507376258
2020-07-10,Mid Volatility,drawdown,-0.03227790493532279
2020-07-13,Mid Volatility,drawdown,-0.040054118560222604
2020-07-14,Mid Volatility,drawdown,-0.03200245771711636
2020-07-15,Mid Volatility,drawdown,-0.02491617654242624
2020-07-16,Mid Volatility,drawdown,-0.02798909543650019
2020-07-17,Mid Volatility,drawdown,-0.023336401705782887
2020-07-20,Mid Volatility,drawdown,-0.017935719268993733
2020-07-21,Mid Volatility,drawdown,-0.01567132193282622
2020-07-22,Mid Volatility,drawdown,-0.013135699620298202
2020-07-23,Mid Volatility,drawdown,-0.023699738975455176
2020-07-24,Mid Volatility,drawdown,-0.030694649968500534
2020-07-27,Mid Volatility,drawdown,-0.02591717707212898
2020-07-28,Mid Volatility,drawdown,-0.028295944128111723
2020-07-29,Mid Volatility,drawdown,-0.018990928164987778
2020-07-30,Mid Volatility,drawdown,-0.024735675511950713
2020-07-31,Mid Volatility,drawdown,-0.019442688241315117
2020-08-03,Mid Volatility,drawdown,-0.01556594513012526
2020-08-04,Mid Volatility,drawdown,-0.011539500705103336
2020-08-05,Mid Volatility,drawdown,-0.008129717491693169
2020-08-06,Mid Volatility,drawdown,0.0
2020-08-07,Mid Volatility,drawdown,0.0
2020-08-10,Mid Volatility,drawdown,0.0
2020-08-11,Mid Volatility,drawdown,-0.009158806898259129
2020-08-12,Mid Volatility,drawdown,0.0
2020-08-13,Mid Volatility,drawdown,-0.003356794153125954
2020-08-14,Mid Volatility,drawdown,-0.004888912767601299
2020-08-17,Mid Volatility,drawdown,-0.00578894812320457
2020-08-18,Mid Volatility,drawdown,-0.006022165072622444
2020-08-19,Mid Volatility,drawdown,-0.006741007115092159
2020-08-20,Mid Volatility,drawdown,-0.005441698958031552
2020-08-21,Mid Volatility,drawdown,-0.004804176045699398
2020-08-24,Mid Volatility,drawdown,0.0
2020-08-25,Mid Volatility,drawdown,0.0
2020-08-26,Mid Volatility,drawdown,0.0
2020-08-27,Mid Volatility,drawdown,0.0
2020-08-28,Mid Volatility,drawdown,0.0
2020-08-31,Mid Volatility,drawdown,-0.0041826577106319944
2020-09-01,Mid Volatility,drawdown,-0.0016886436363828005
2020-09-02,Mid Volatility,drawdown,0.0
2020-09-03,Mid Volatility,drawdown,-0.027358772836704803
2020-09-04,Mid Volatility,drawdown,-0.034156576905607576
2020-09-08,Mid Volatility,drawdown,-0.05607602742777806
2020-09-09,Mid Volatility,drawdown,-0.04052706319000457
2020-09-10,Mid Volatility,drawdown,-0.055508863771792025
2020-09-11,Mid Volatility,drawdown,-0.05497066127485123
2020-09-14,Mid Volatility,drawdown,-0.045115211636863994
2020-09-15,Mid Volatility,drawdown,-0.041508164332239104
2020-09-16,Mid Volatility,drawdown,-0.04296445835309464
2020-09-17,Mid Volatility,drawdown,-0.05178580705319525
2020-09-18,Mid Volatility,drawdown,-0.06440040460439543
2020-09-21,Mid Volatility,drawdown,-0.07472098881119113
2020-09-22,Mid Volatility,drawdown,-0.06697386787731621
2020-09-23,Mid Volatility,drawdown,-0.08887864077268767
2020-09-24,Mid Volatility,drawdown,-0.08329042078973202
2020-09-25,Mid Volatility,drawdown,-0.07005206521401776
2020-09-28,Mid Volatility,drawdown,-0.05674110549380995
2020-09-29,Mid Volatility,drawdown,-0.061049662933047394
2020-09-30,Mid Volatility,drawdown,-0.05443084793751404
2020-10-01,Mid Volatility,drawdown,-0.0496424774366526
2020-10-02,Mid Volatility,drawdown,-0.05393091286213702
2020-10-05,Mid Volatility,drawdown,-0.03829605661616696
2020-10-06,Mid Volatility,drawdown,-0.04777142029739855
2020-10-07,Mid Volatility,drawdown,-0.03204867750463232
2020-10-08,Mid Volatility,drawdown,-0.020533486589193187
2020-10-09,Mid Volatility,drawdown,-0.014253580429445781
2020-10-12,Mid Volatility,drawdown,-0.0023675749428690527
2020-10-13,Mid Volatility,drawdown,-0.00840756490770811
2020-10-14,Mid Volatility,drawdown,-0.01667375187697296
2020-10-15,Mid Volatility,drawdown,-0.017175200537467
2020-10-16,Mid Volatility,drawdown,-0.014718051422081956
2020-10-19,Mid Volatility,drawdown,-0.027481198707010396
2020-10-20,Mid Volatility,drawdown,-0.02339689844949023
2020-10-21,Mid Volatility,drawdown,-0.02638591560074931
2020-10-22,Mid Volatility,drawdown,-0.019534639970583852
2020-10-23,Mid Volatility,drawdown,-0.018156123478354085
2020-10-26,Mid Volatility,drawdown,-0.036148594067409376
2020-10-27,Mid Volatility,drawdown,-0.04291560906066433
2020-10-28,Mid Volatility,drawdown,-0.07728853149430952
2020-10-29,Mid Volatility,drawdown,-0.06673725840827288
2020-10-30,Mid Volatility,drawdown,-0.07696441039021219
2020-11-02,Mid Volatility,drawdown,-0.06658963806641872
2020-11-03,Mid Volatility,drawdown,-0.0503443599622094
2020-11-04,Mid Volatility,drawdown,-0.035535909210649516
2020-11-05,Mid Volatility,drawdown,-0.01730950989857819
2020-11-06,Mid Volatility,drawdown,-0.021011429719202102
2020-11-09,Mid Volatility,drawdown,0.0
2020-11-10,Mid Volatility,drawdown,-0.002423307251161744
2020-11-11,Mid Volatility,drawdown,0.0
2020-11-12,Mid Volatility,drawdown,-0.01366706704480233
2020-11-13,Mid Volatility,drawdown,0.0
2020-11-16,Mid Volatility,drawdown,0.0
2020-11-17,Mid Volatility,drawdown,-0.0031952230862379014
2020-11-18,Mid Volatility,drawdown,-0.015690366428521188
2020-11-19,Mid Volatility,drawdown,-0.011230194144136021
2020-11-20,Mid Volatility,drawdown,-0.01731239499632442
2020-11-23,Mid Volatility,drawdown,-0.0076486846240313095
2020-11-24,Mid Volatility,drawdown,0.0
2020-11-25,Mid Volatility,drawdown,-0.002839869207330557
2020-11-27,Mid Volatility,drawdown,-0.0030881285606668574
2020-11-30,Mid Volatility,drawdown,-0.011421918537694925
2020-12-01,Mid Volatility,drawdown,-0.0005261846226274714
2020-12-02,Mid Volatility,drawdown,0.0
2020-12-03,Mid Volatility,drawdown,-0.0017289296873554023
2020-12-04,Mid Volatility,drawdown,0.0
2020-12-07,Mid Volatility,drawdown,-2.2585182402959895e-05
2020-12-08,Mid Volatility,drawdown,0.0
2020-12-09,Mid Volatility,drawdown,-0.0033682814349462187
2020-12-10,Mid Volatility,drawdown,-0.002976318341649095
2020-12-11,Mid Volatility,drawdown,-0.0060566815299330804
2020-12-14,Mid Volatility,drawdown,-0.011379210489135233
2020-12-15,Mid Volatility,drawdown,0.0
2020-12-16,Mid Volatility,drawdown,0.0
2020-12-17,Mid Volatility,drawdown,0.0
2020-12-18,Mid Volatility,drawdown,-0.006630134137750152
2020-12-21,Mid Volatility,drawdown,-0.00729793745762967
2020-12-22,Mid Volatility,drawdown,-0.012474927370698231
2020-12-23,Mid Volatility,drawdown,-0.009439422280711502
2020-12-24,Mid Volatility,drawdown,-0.005802287417574719
2020-12-28,Mid Volatility,drawdown,0.0
2020-12-29,Mid Volatility,drawdown,-0.0006491628533444953
2020-12-30,Mid Volatility,drawdown,0.0
2020-12-31,Mid Volatility,drawdown,0.0
2021-01-04,Mid Volatility,drawdown,-0.015552741444311248
2021-01-05,Mid Volatility,drawdown,-0.008916162591723741
2021-01-06,Mid Volatility,drawdown,0.0
2021-01-07,Mid Volatility,drawdown,0.0
2021-01-08,Mid Volatility,drawdown,0.0
2021-01-11,Mid Volatility,drawdown,-0.0010720952226454406
2021-01-12,Mid Volatility,drawdown,-0.0016072492953702689
2021-01-13,Mid Volatility,drawdown,0.0
2021-01-14,Mid Volatility,drawdown,-0.0012953650058715523
2021-01-15,Mid Volatility,drawdown,-0.008387735431863972
2021-01-19,Mid Volatility,drawdown,-0.004350844287878191
2021-01-20,Mid Volatility,drawdown,0.0
2021-01-21,Mid Volatility,drawdown,-0.0009508386022588231
2021-01-22,Mid Volatility,drawdown,-0.008205546102522554
2021-01-25,Mid Volatility,drawdown,-0.005123958503835618
2021-01-26,Mid Volatility,drawdown,-0.007060933346263714
2021-01-27,Mid Volatility,drawdown,-0.034232241148997006
2021-01-28,Mid Volatility,drawdown,-0.018971094891462377
2021-01-29,Mid Volatility,drawdown,-0.03525953289264976
2021-02-01,Mid Volatility,drawdown,-0.021391608822019903
2021-02-02,Mid Volatility,drawdown,-0.007202961880590613
2021-02-03,Mid Volatility,drawdown,-0.00573353164002617
2021-02-04,Mid Volatility,drawdown,0.0
2021-02-05,Mid Volatility,drawdown,0.0
2021-02-08,Mid Volatility,drawdown,0.0
2021-02-09,Mid Volatility,drawdown,-0.0015794816766188909
2021-02-10,Mid Volatility,drawdown,0.0
2021-02-11,Mid Volatility,drawdown,-0.000377601469268632
2021-02-12,Mid Volatility,drawdown,0.0
2021-02-16,Mid Volatility,drawdown,0.0
2021-02-17,Mid Volatility,drawdown,0.0
2021-02-18,Mid Volatility,drawdown,-0.0011399266547562849
2021-02-19,Mid Volatility,drawdown,-0.005882512317674225
2021-02-22,Mid Volatility,drawdown,-0.01386508977414004
2021-02-23,Mid Volatility,drawdown,-0.010929869979853577
2021-02-24,Mid Volatility,drawdown,-0.0011882070678663223
2021-02-25,Mid Volatility,drawdown,-0.021258978424081802
2021-02-26,Mid Volatility,drawdown,-0.030056721918279582
2021-03-01,Mid Volatility,drawdown,-0.008517771078378724
2021-03-02,Mid Volatility,drawdown,-0.014655249388480144
2021-03-03,Mid Volatility,drawdown,-0.023464098220005107
2021-03-04,Mid Volatility,drawdown,-0.03309709351422248
2021-03-05,Mid Volatility,drawdown,-0.015565525558421145
2021-03-08,Mid Volatility,drawdown,-0.013885666172579197
2021-03-09,Mid Volatility,drawdown,-0.0021076654135688475
2021-03-10,Mid Volatility,drawdown,0.0
2021-03-11,Mid Volatility,drawdown,0.0
2021-03-12,Mid Volatility,drawdown,0.0
2021-03-15,Mid Volatility,drawdown,0.0
2021-03-16,Mid Volatility,drawdown,0.0
2021-03-17,Mid Volatility,drawdown,-0.0024072636098515475
2021-03-18,Mid Volatility,drawdown,-0.012510976155123957
2021-03-19,Mid Volatility,drawdown,-0.012636228765292903
2021-03-22,Mid Volatility,drawdown,-0.009780981576831316
2021-03-23,Mid Volatility,drawdown,-0.014289982415329605
2021-03-24,Mid Volatility,drawdown,-0.01942813761254886
2021-03-25,Mid Volatility,drawdown,-0.013743710852552639
2021-03-26,Mid Volatility,drawdown,0.0
2021-03-29,Mid Volatility,drawdown,-0.0013011344399130903
2021-03-30,Mid Volatility,drawdown,-0.004358583342500714
2021-03-31,Mid Volatility,drawdown,-0.0018847666740534265
2021-04-01,Mid Volatility,drawdown,0.0
2021-04-05,Mid Volatility,drawdown,0.0
2021-04-06,Mid Volatility,drawdown,-0.00048220328336412796
2021-04-07,Mid Volatility,drawdown,0.0
2021-04-08,Mid Volatility,drawdown,0.0
2021-04-09,Mid Volatility,drawdown,0.0
2021-04-12,Mid Volatility,drawdown,-0.0027277117542297306
2021-04-13,Mid Volatility,drawdown,-0.0007797258056813538
2021-04-14,Mid Volatility,drawdown,0.0
2021-04-15,Mid Volatility,drawdown,0.0
2021-04-16,Mid Volatility,drawdown,0.0
2021-04-19,Mid Volatility,drawdown,-0.005641597117000546
2021-04-20,Mid Volatility,drawdown,-0.011694591554107368
2021-04-21,Mid Volatility,drawdown,-0.004681132205779003
2021-04-22,Mid Volatility,drawdown,-0.015528883850167817
2021-04-23,Mid Volatility,drawdown,-0.0076929986918461216
2021-04-26,Mid Volatility,drawdown,-0.006547866511333179
2021-04-27,Mid Volatility,drawdown,-0.006652660270695202
2021-04-28,Mid Volatility,drawdown,-0.006955105490780723
2021-04-29,Mid Volatility,drawdown,0.0
2021-04-30,Mid Volatility,drawdown,-0.008166937137533756
2021-05-03,Mid Volatility,drawdown,-0.004514885567487017
2021-05-04,Mid Volatility,drawdown,-0.009583930993430549
2021-05-05,Mid Volatility,drawdown,-0.010803032380034725
2021-05-06,Mid Volatility,drawdown,0.0
2021-05-07,Mid Volatility,drawdown,0.0
2021-05-10,Mid Volatility,drawdown,-0.008747028742191621
2021-05-11,Mid Volatility,drawdown,-0.017868583149380966
2021-05-12,Mid Volatility,drawdown,-0.037604275632040246
2021-05-13,Mid Volatility,drawdown,-0.024792609856603053
2021-05-14,Mid Volatility,drawdown,-0.012071530721794411
2021-05-17,Mid Volatility,drawdown,-0.014859840882904984
2021-05-18,Mid Volatility,drawdown,-0.020911051183542306
2021-05-19,Mid Volatility,drawdown,-0.022423251675447925
2021-05-20,Mid Volatility,drawdown,-0.013909829508575477
2021-05-21,Mid Volatility,drawdown,-0.012290214370526652
2021-05-24,Mid Volatility,drawdown,-0.003944360692305966
2021-05-25,Mid Volatility,drawdown,-0.007752641913684099
2021-05-26,Mid Volatility,drawdown,-0.00589550648801474
2021-05-27,Mid Volatility,drawdown,-0.006387813627859253
2021-05-28,Mid Volatility,drawdown,-0.004171070394527549
2021-06-01,Mid Volatility,drawdown,-0.004411008796356271
2021-06-02,Mid Volatility,drawdown,-0.0012677982385457913
2021-06-03,Mid Volatility,drawdown,-0.003241669697498616
2021-06-04,Mid Volatility,drawdown,0.0
2021-06-07,Mid Volatility,drawdown,0.0
2021-06-08,Mid Volatility,drawdown,-0.00031716810443966725
2021-06-09,Mid Volatility,drawdown,0.0
2021-06-10,Mid Volatility,drawdown,0.0
2021-06-11,Mid Volatility,drawdown,0.0
2021-06-14,Mid Volatility,drawdown,0.0
2021-06-15,Mid Volatility,drawdown,-0.0026309627627194563
2021-06-16,Mid Volatility,drawdown,-0.010869517225070574
2021-06-17,Mid Volatility,drawdown,-0.014544211634725059
2021-06-18,Mid Volatility,drawdown,-0.03120464642594329
2021-06-21,Mid Volatility,drawdown,-0.017021349296096236
2021-06-22,Mid Volatility,drawdown,-0.013684892203617335
2021-06-23,Mid Volatility,drawdown,-0.017578881841667737
2021-06-24,Mid Volatility,drawdown,-0.009840084478123295
2021-06-25,Mid Volatility,drawdown,-0.002153409915533453
2021-06-28,Mid Volatility,drawdown,-0.0007443971602425584
2021-06-29,Mid Volatility,drawdown,-0.002837530016717477
2021-06-30,Mid Volatility,drawdown,-0.002367796760175419
2021-07-01,Mid Volatility,drawdown,0.0
2021-07-02,Mid Volatility,drawdown,0.0
2021-07-06,Mid Volatility,drawdown,-0.0033873512195863402
2021-07-07,Mid Volatility,drawdown,-0.0003292554888030319
2021-07-08,Mid Volatility,drawdown,-0.007423005184439884
2021-07-09,Mid Volatility,drawdown,0.0
2021-07-12,Mid Volatility,drawdown,0.0
2021-07-13,Mid Volatility,drawdown,-0.0033596784594605933
2021-07-14,Mid Volatility,drawdown,-8.86167927799052e-06
2021-07-15,Mid Volatility,drawdown,-0.000285395752022554
2021-07-16,Mid Volatility,drawdown,-0.005535658528600872
2021-07-19,Mid Volatility,drawdown,-0.022399183016123092
2021-07-20,Mid Volatility,drawdown,-0.009606242011446262
2021-07-21,Mid Volatility,drawdown,-0.0013904321487530455
2021-07-22,Mid Volatility,drawdown,0.0
2021-07-23,Mid Volatility,drawdown,0.0
2021-07-26,Mid Volatility,drawdown,0.0
2021-07-27,Mid Volatility,drawdown,-0.002310404699997224
2021-07-28,Mid Volatility,drawdown,-0.003879348629575442
2021-07-29,Mid Volatility,drawdown,0.0
2021-07-30,Mid Volatility,drawdown,-0.006212963224939435
2021-08-02,Mid Volatility,drawdown,-0.006517977938951557
2021-08-03,Mid Volatility,drawdown,0.0
2021-08-04,Mid Volatility,drawdown,-0.002394540163135943
2021-08-05,Mid Volatility,drawdown,0.0
2021-08-06,Mid Volatility,drawdown,0.0
2021-08-09,Mid Volatility,drawdown,-0.0018250157632212637
2021-08-10,Mid Volatility,drawdown,0.0
2021-08-11,Mid Volatility,drawdown,0.0
2021-08-12,Mid Volatility,drawdown,0.0
2021-08-13,Mid Volatility,drawdown,0.0
2021-08-16,Mid Volatility,drawdown,0.0
2021-08-17,Mid Volatility,drawdown,-0.007898970110749822
2021-08-18,Mid Volatility,drawdown,-0.016085174071235223
2021-08-19,Mid Volatility,drawdown,-0.016382213340927473
2021-08-20,Mid Volatility,drawdown,-0.007639561962634907
2021-08-23,Mid Volatility,drawdown,-0.000661601047087818
2021-08-24,Mid Volatility,drawdown,0.0
2021-08-25,Mid Volatility,drawdown,0.0
2021-08-26,Mid Volatility,drawdown,-0.0053007388575780036
2021-08-27,Mid Volatility,drawdown,0.0
2021-08-30,Mid Volatility,drawdown,0.0
2021-08-31,Mid Volatility,drawdown,-0.0025710908993593624
2021-09-01,Mid Volatility,drawdown,-0.000996419057816378
2021-09-02,Mid Volatility,drawdown,0.0
2021-09-03,Mid Volatility,drawdown,-0.0007714386426360018
2021-09-07,Mid Volatility,drawdown,-0.005743998176838352
2021-09-08,Mid Volatility,drawdown,-0.00423939075417559
2021-09-09,Mid Volatility,drawdown,-0.008764834283235006
2021-09-10,Mid Volatility,drawdown,-0.016064131950091633
2021-09-13,Mid Volatility,drawdown,-0.013020781364069181
2021-09-14,Mid Volatility,drawdown,-0.02067152641920261
2021-09-15,Mid Volatility,drawdown,-0.016156628819878775
2021-09-16,Mid Volatility,drawdown,-0.018821426103095822
2021-09-17,Mid Volatility,drawdown,-0.02829907080343779
2021-09-20,Mid Volatility,drawdown,-0.04179123681139406
2021-09-21,Mid Volatility,drawdown,-0.04372117577277978
2021-09-22,Mid Volatility,drawdown,-0.03698886540779826
2021-09-23,Mid Volatility,drawdown,-0.026013293471658774
2021-09-24,Mid Volatility,drawdown,-0.025714630751226812
2021-09-27,Mid Volatility,drawdown,-0.02685390956661218
2021-09-28,Mid Volatility,drawdown,-0.04523557926429063
2021-09-29,Mid Volatility,drawdown,-0.04196815673308325
2021-09-30,Mid Volatility,drawdown,-0.05256373623971403
2021-10-01,Mid Volatility,drawdown,-0.04125605316411244
2021-10-04,Mid Volatility,drawdown,-0.04864030537219608
2021-10-05,Mid Volatility,drawdown,-0.0401295221103728
2021-10-06,Mid Volatility,drawdown,-0.03694698102403392
2021-10-07,Mid Volatility,drawdown,-0.03147850475810207
2021-10-08,Mid Volatility,drawdown,-0.03324236421364876
2021-10-11,Mid Volatility,drawdown,-0.042564690238137956
2021-10-12,Mid Volatility,drawdown,-0.04352901806335737
2021-10-13,Mid Volatility,drawdown,-0.03805975572115144
2021-10-14,Mid Volatility,drawdown,-0.022143104068426987
2021-10-15,Mid Volatility,drawdown,-0.01323163185046769
2021-10-18,Mid Volatility,drawdown,-0.011177180188110555
2021-10-19,Mid Volatility,drawdown,-0.0018247089152307824
2021-10-20,Mid Volatility,drawdown,0.0
2021-10-21,Mid Volatility,drawdown,-0.0018722469396957207
2021-10-22,Mid Volatility,drawdown,-0.001652555400133316
2021-10-25,Mid Volatility,drawdown,0.0
2021-10-26,Mid Volatility,drawdown,0.0
2021-10-27,Mid Volatility,drawdown,-0.009367368163478985
2021-10-28,Mid Volatility,drawdown,-0.0029315947629563344
2021-10-29,Mid Volatility,drawdown,-0.002274268141950824
2021-11-01,Mid Volatility,drawdown,-0.0015331741017433898
2021-11-02,Mid Volatility,drawdown,0.0
2021-11-03,Mid Volatility,drawdown,0.0
2021-11-04,Mid Volatility,drawdown,0.0
2021-11-05,Mid Volatility,drawdown,0.0
2021-11-08,Mid Volatility,drawdown,-0.0021310391912547364
2021-11-09,Mid Volatility,drawdown,-0.003506335800812536
2021-11-10,Mid Volatility,drawdown,-0.008362965625245725
2021-11-11,Mid Volatility,drawdown,-0.009182749768873637
2021-11-12,Mid Volatility,drawdown,-0.003758088742443773
2021-11-15,Mid Volatility,drawdown,-0.00016711453128186957
2021-11-16,Mid Volatility,drawdown,0.0
2021-11-17,Mid Volatility,drawdown,-0.004792239385768206
2021-11-18,Mid Volatility,drawdown,-0.00746933766332374
2021-11-19,Mid Volatility,drawdown,-0.008776898819453798
2021-11-22,Mid Volatility,drawdown,-0.010361260820310518
2021-11-23,Mid Volatility,drawdown,-0.00641606354816553
2021-11-24,Mid Volatility,drawdown,-0.003994492164004014
2021-11-26,Mid Volatility,drawdown,-0.02418546165179862
2021-11-29,Mid Volatility,drawdown,-0.012668634169056855
2021-11-30,Mid Volatility,drawdown,-0.033751703162517376
2021-12-01,Mid Volatility,drawdown,-0.04453710197044011
2021-12-02,Mid Volatility,drawdown,-0.028320874753789742
2021-12-03,Mid Volatility,drawdown,-0.032929656254242545
2021-12-06,Mid Volatility,drawdown,-0.02252152883152564
2021-12-07,Mid Volatility,drawdown,-0.0060210481242371555
2021-12-08,Mid Volatility,drawdown,-0.008155975364401222
2021-12-09,Mid Volatility,drawdown,-0.012341653247752474
2021-12-10,Mid Volatility,drawdown,-0.0024798591935009397
2021-12-13,Mid Volatility,drawdown,-0.007330612199740731
2021-12-14,Mid Volatility,drawdown,-0.014816134421233623
2021-12-15,Mid Volatility,drawdown,0.0
2021-12-16,Mid Volatility,drawdown,-0.005320797963787629
2021-12-17,Mid Volatility,drawdown,-0.020873596092726657
2021-12-20,Mid Volatility,drawdown,-0.03179747278892713
2021-12-21,Mid Volatility,drawdown,-0.018075264603496476
2021-12-22,Mid Volatility,drawdown,-0.011143993784475583
2021-12-23,Mid Volatility,drawdown,-0.006361511402389225
2021-12-27,Mid Volatility,drawdown,0.0
2021-12-28,Mid Volatility,drawdown,0.0
2021-12-29,Mid Volatility,drawdown,0.0
2021-12-30,Mid Volatility,drawdown,-0.00041685104000414527
2021-12-31,Mid Volatility,drawdown,-0.001816912706276554
2022-01-03,Mid Volatility,drawdown,0.0
2022-01-04,Mid Volatility,drawdown,0.0
2022-01-05,Mid Volatility,drawdown,-0.01599463267276524
2022-01-06,Mid Volatility,drawdown,-0.016572348983676315
2022-01-07,Mid Volatility,drawdown,-0.018775562322784416
2022-01-10,Mid Volatility,drawdown,-0.019331903797911137
2022-01-11,Mid Volatility,drawdown,-0.013842014022078894
2022-01-12,Mid Volatility,drawdown,-0.013346492227055773
2022-01-13,Mid Volatility,drawdown,-0.023081651426655456
2022-01-14,Mid Volatility,drawdown,-0.026968564857628254
2022-01-18,Mid Volatility,drawdown,-0.04357703785675811
2022-01-19,Mid Volatility,drawdown,-0.0482995849508175
2022-01-20,Mid Volatility,drawdown,-0.055247477006958486
2022-01-21,Mid Volatility,drawdown,-0.06843017720648562
2022-01-24,Mid Volatility,drawdown,-0.06593895649538256
2022-01-25,Mid Volatility,drawdown,-0.07455591344335157
2022-01-26,Mid Volatility,drawdown,-0.07712333318877601
2022-01-27,Mid Volatility,drawdown,-0.07664559639781744
2022-01-28,Mid Volatility,drawdown,-0.05540609480339988
2022-01-31,Mid Volatility,drawdown,-0.04158411119787844
2022-02-01,Mid Volatility,drawdown,-0.03523114211205033
2022-02-02,Mid Volatility,drawdown,-0.02652071634852125
2022-02-03,Mid Volatility,drawdown,-0.05049974124642904
2022-02-04,Mid Volatility,drawdown,-0.045990840011072856
2022-02-07,Mid Volatility,drawdown,-0.04871942570642124
2022-02-08,Mid Volatility,drawdown,-0.04406437923468938
2022-02-09,Mid Volatility,drawdown,-0.030688624267440446
2022-02-10,Mid Volatility,drawdown,-0.04891305432501361
2022-02-11,Mid Volatility,drawdown,-0.0640956870209498
2022-02-14,Mid Volatility,drawdown,-0.06957671276876261
2022-02-15,Mid Volatility,drawdown,-0.06155435831882381
2022-02-16,Mid Volatility,drawdown,-0.06126644778039847
2022-02-17,Mid Volatility,drawdown,-0.07994274808061641
2022-02-18,Mid Volatility,drawdown,-0.08760762178600898
2022-02-22,Mid Volatility,drawdown,-0.09614606416176653
2022-02-23,Mid Volatility,drawdown,-0.11197577593188267
2022-02-24,Mid Volatility,drawdown,-0.10059659626483787
2022-02-25,Mid Volatility,drawdown,-0.0814921649845187
2022-02-28,Mid Volatility,drawdown,-0.08620045441819586
2022-03-01,Mid Volatility,drawdown,-0.09743174600833444
2022-03-02,Mid Volatility,drawdown,-0.08084567198139972
2022-03-03,Mid Volatility,drawdown,-0.08432468547352069
2022-03-04,Mid Volatility,drawdown,-0.0876157344385308
2022-03-07,Mid Volatility,drawdown,-0.10940295669805705
2022-03-08,Mid Volatility,drawdown,-0.11349705703001171
2022-03-09,Mid Volatility,drawdown,-0.09415606671134255
2022-03-10,Mid Volatility,drawdown,-0.09818164260759372
2022-03-11,Mid Volatility,drawdown,-0.1088079524092933
2022-03-14,Mid Volatility,drawdown,-0.11598581101986964
2022-03-15,Mid Volatility,drawdown,-0.10080837044078679
2022-03-16,Mid Volatility,drawdown,-0.08195946562753478
2022-03-17,Mid Volatility,drawdown,-0.07129134943641785
2022-03-18,Mid Volatility,drawdown,-0.06445442374921617
2022-03-21,Mid Volatility,drawdown,-0.06757024085810723
2022-03-22,Mid Volatility,drawdown,-0.05919689633259745
2022-03-23,Mid Volatility,drawdown,-0.07281292559072022
2022-03-24,Mid Volatility,drawdown,-0.061545584492713586
2022-03-25,Mid Volatility,drawdown,-0.05699660803566456
2022-03-28,Mid Volatility,drawdown,-0.05246687550293467
2022-03-29,Mid Volatility,drawdown,-0.04057953782682021
2022-03-30,Mid Volatility,drawdown,-0.048108694392493996
2022-03-31,Mid Volatility,drawdown,-0.06302402865597148
2020-04-02,High Volatility,cum_ret,1.0001637567574297
2020-04-03,High Volatility,cum_ret,0.9869182474512835
2020-04-06,High Volatility,cum_ret,1.073445936794031
2020-04-07,High Volatility,cum_ret,1.0740138998748643
2020-04-08,High Volatility,cum_ret,1.1096253685901913
2020-04-09,High Volatility,cum_ret,1.1168188282797726
2020-04-13,High Volatility,cum_ret,1.1418272643935636
2020-04-14,High Volatility,cum_ret,1.201327892687864
2020-04-15,High Volatility,cum_ret,1.2023919081455163
2020-04-16,High Volatility,cum_ret,1.2406673785417788
2020-04-17,High Volatility,cum_ret,1.2622117561805406
2020-04-20,High Volatility,cum_ret,1.2721626336496292
2020-04-21,High Volatility,cum_ret,1.2070554902655664
2020-04-22,High Volatility,cum_ret,1.2593418859003307
2020-04-23,High Volatility,cum_ret,1.2540265616201942
2020-04-24,High Volatility,cum_ret,1.2710351328063045
2020-04-27,High Volatility,cum_ret,1.2974769101755004
2020-04-28,High Volatility,cum_ret,1.2757656436187848
2020-04-29,High Volatility,cum_ret,1.321178671434333
2020-04-30,High Volatility,cum_ret,1.2875507423073558
2020-05-01,High Volatility,cum_ret,1.238105562588805
2020-05-04,High Volatility,cum_ret,1.2734219188391984
2020-05-05,High Volatility,cum_ret,1.292851375449782
2020-05-06,High Volatility,cum_ret,1.3350701005847196
2020-05-07,High Volatility,cum_ret,1.3821888357562593
2020-05-08,High Volatility,cum_ret,1.416831226298872
2020-05-11,High Volatility,cum_ret,1.446920954813622
2020-05-12,High Volatility,cum_ret,1.4270817013955936
2020-05-13,High Volatility,cum_ret,1.4080144582131986
2020-05-14,High Volatility,cum_ret,1.4255506564153002
2020-05-15,High Volatility,cum_ret,1.4395485451625276
2020-05-18,High Volatility,cum_ret,1.4949803705210496
2020-05-19,High Volatility,cum_ret,1.4974912991094949
2020-05-20,High Volatility,cum_ret,1.5259138607807172
2020-05-21,High Volatility,cum_ret,1.5059792794416647
2020-05-22,High Volatility,cum_ret,1.512617521973524
2020-05-26,High Volatility,cum_ret,1.5079789807441784
2020-05-27,High Volatility,cum_ret,1.5008530249340644
2020-05-28,High Volatility,cum_ret,1.4869759282080752
2020-05-29,High Volatility,cum_ret,1.556656207064627
2020-06-01,High Volatility,cum_ret,1.5932782071144622
2020-06-02,High Volatility,cum_ret,1.6069114355874257
2020-06-03,High Volatility,cum_ret,1.630750114113207
2020-06-04,High Volatility,cum_ret,1.603136214034407
2020-06-05,High Volatility,cum_ret,1.632688403493482
2020-06-08,High Volatility,cum_ret,1.660797169020821
2020-06-09,High Volatility,cum_ret,1.6629723747720073
2020-06-10,High Volatility,cum_ret,1.6848137869152384
2020-06-11,High Volatility,cum_ret,1.5919188870422158
2020-06-12,High Volatility,cum_ret,1.617083951741306
2020-06-15,High Volatility,cum_ret,1.68260143712558
2020-06-16,High Volatility,cum_ret,1.7237861725237607
2020-06-17,High Volatility,cum_ret,1.7205053000839747
2020-06-18,High Volatility,cum_ret,1.7526595773603353
2020-06-19,High Volatility,cum_ret,1.7542183096610644
2020-06-22,High Volatility,cum_ret,1.7807272987442397
2020-06-23,High Volatility,cum_ret,1.7812097817961554
2020-06-24,High Volatility,cum_ret,1.73883936622916
2020-06-25,High Volatility,cum_ret,1.7602578002925335
2020-06-26,High Volatility,cum_ret,1.7151733146996515
2020-06-29,High Volatility,cum_ret,1.7312268658999286
2020-06-30,High Volatility,cum_ret,1.7720622616831514
2020-07-01,High Volatility,cum_ret,1.802102070656397
2020-07-02,High Volatility,cum_ret,1.8366438699414993
2020-07-06,High Volatility,cum_ret,1.8912788578439574
2020-07-07,High Volatility,cum_ret,1.8918527675098251
2020-07-08,High Volatility,cum_ret,1.9518413832190438
2020-07-09,High Volatility,cum_ret,1.9878023537690288
2020-07-10,High Volatility,cum_ret,1.9939854699825503
2020-07-13,High Volatility,cum_ret,1.9178819400379883
2020-07-14,High Volatility,cum_ret,1.9494653075638546
2020-07-15,High Volatility,cum_ret,1.9583807060749692
2020-07-16,High Volatility,cum_ret,1.9251357641069655
2020-07-17,High Volatility,cum_ret,1.9395682282394584
2020-07-20,High Volatility,cum_ret,2.0114524910308074
2020-07-21,High Volatility,cum_ret,1.989903958642721
2020-07-22,High Volatility,cum_ret,1.9963063290520138
2020-07-23,High Volatility,cum_ret,1.941331894232296
2020-07-24,High Volatility,cum_ret,1.9151795815681145
2020-07-27,High Volatility,cum_ret,1.9804519716757456
2020-07-28,High Volatility,cum_ret,1.9505867030767226
2020-07-29,High Volatility,cum_ret,2.0084192450657428
2020-07-30,High Volatility,cum_ret,2.027559677228953
2020-07-31,High Volatility,cum_ret,2.0370790418976648
2020-08-03,High Volatility,cum_ret,2.1036142472992925
2020-08-04,High Volatility,cum_ret,2.136565076744783
2020-08-05,High Volatility,cum_ret,2.1676304527335106
2020-08-06,High Volatility,cum_ret,2.1330512650879343
2020-08-07,High Volatility,cum_ret,2.075909636466669
2020-08-10,High Volatility,cum_ret,2.0495707273821973
2020-08-11,High Volatility,cum_ret,1.9982006660510045
2020-08-12,High Volatility,cum_ret,2.0569742288618906
2020-08-13,High Volatility,cum_ret,2.0784218945138417
2020-08-14,High Volatility,cum_ret,2.063234793972186
2020-08-17,High Volatility,cum_ret,2.1239608231247655
2020-08-18,High Volatility,cum_ret,2.1448800600925866
2020-08-19,High Volatility,cum_ret,2.1424802031913264
2020-08-20,High Volatility,cum_ret,2.1672179819493533
2020-08-21,High Volatility,cum_ret,2.1539524070619644
2020-08-24,High Volatility,cum_ret,2.156420382117049
2020-08-25,High Volatility,cum_ret,2.1999595951073316
2020-08-26,High Volatility,cum_ret,2.2680180099465876
2020-08-27,High Volatility,cum_ret,2.2394560187306074
2020-08-28,High Volatility,cum_ret,2.2607020904513524
2020-08-31,High Volatility,cum_ret,2.2841297448422258
2020-09-01,High Volatility,cum_ret,2.3902742807447144
2020-09-02,High Volatility,cum_ret,2.3914050367970914
2020-09-03,High Volatility,cum_ret,2.2215101328468125
2020-09-04,High Volatility,cum_ret,2.1597629418274606
2020-09-08,High Volatility,cum_ret,2.042614032495829
2020-09-09,High Volatility,cum_ret,2.11072719404875
2020-09-10,High Volatility,cum_ret,2.0714690864810095
2020-09-11,High Volatility,cum_ret,2.051755991244244
2020-09-14,High Volatility,cum_ret,2.1226112829170627
2020-09-15,High Volatility,cum_ret,2.1627260370190653
2020-09-16,High Volatility,cum_ret,2.1443016379712487
2020-09-17,High Volatility,cum_ret,2.1050187148371675
2020-09-18,High Volatility,cum_ret,2.1083967678834394
2020-09-21,High Volatility,cum_ret,2.149383801641677
2020-09-22,High Volatility,cum_ret,2.1836389039947925
2020-09-23,High Volatility,cum_ret,2.1155098212362415
2020-09-24,High Volatility,cum_ret,2.1043145821612255
2020-09-25,High Volatility,cum_ret,2.172904276953102
2020-09-28,High Volatility,cum_ret,2.2243734590906934
2020-09-29,High Volatility,cum_ret,2.2339591998872113
2020-09-30,High Volatility,cum_ret,2.2642128479812755
2020-10-01,High Volatility,cum_ret,2.3249056283851828
2020-10-02,High Volatility,cum_ret,2.280509588401647
2020-10-05,High Volatility,cum_ret,2.356541668175549
2020-10-06,High Volatility,cum_ret,2.338120367231179
2020-10-07,High Volatility,cum_ret,2.4096586831759317
2020-10-08,High Volatility,cum_ret,2.416765120254911
2020-10-09,High Volatility,cum_ret,2.4661106566996223
2020-10-12,High Volatility,cum_ret,2.5218057079340803
2020-10-13,High Volatility,cum_ret,2.562046876784921
2020-10-14,High Volatility,cum_ret,2.548813096047673
2020-10-15,High Volatility,cum_ret,2.5445924081997835
2020-10-16,High Volatility,cum_ret,2.537736733273178
2020-10-19,High Volatility,cum_ret,2.513820495755181
2020-10-20,High Volatility,cum_ret,2.5066320923298258
2020-10-21,High Volatility,cum_ret,2.4470572807513045
2020-10-22,High Volatility,cum_ret,2.4378540495767482
2020-10-23,High Volatility,cum_ret,2.451906816802661
2020-10-26,High Volatility,cum_ret,2.4137630156608374
2020-10-27,High Volatility,cum_ret,2.432509927508333
2020-10-28,High Volatility,cum_ret,2.3538365431807606
2020-10-29,High Volatility,cum_ret,2.3875471702513527
2020-10-30,High Volatility,cum_ret,2.2919946503645003
2020-11-02,High Volatility,cum_ret,2.316825673653947
2020-11-03,High Volatility,cum_ret,2.349113370818025
2020-11-04,High Volatility,cum_ret,2.4780612227703975
2020-11-05,High Volatility,cum_ret,2.5923664667779125
2020-11-06,High Volatility,cum_ret,2.618038981544224
2020-11-09,High Volatility,cum_ret,2.494912488360043
2020-11-10,High Volatility,cum_ret,2.415025490403342
2020-11-11,High Volatility,cum_ret,2.518946351159763
2020-11-12,High Volatility,cum_ret,2.5477137106676118
2020-11-13,High Volatility,cum_ret,2.546316691796799
2020-11-16,High Volatility,cum_ret,2.5756217304489533
2020-11-17,High Volatility,cum_ret,2.585241196562327
2020-11-18,High Volatility,cum_ret,2.5701587405989725
2020-11-19,High Volatility,cum_ret,2.6361780475356595
2020-11-20,High Volatility,cum_ret,2.6663037062925103
2020-11-23,High Volatility,cum_ret,2.7090910869010405
2020-11-24,High Volatility,cum_ret,2.7251006156933997
2020-11-25,High Volatility,cum_ret,2.7663325804923917
2020-11-27,High Volatility,cum_ret,2.8334464499264906
2020-11-30,High Volatility,cum_ret,2.849157398796834
2020-12-01,High Volatility,cum_ret,2.813308538752041
2020-12-02,High Volatility,cum_ret,2.820984562228528
2020-12-03,High Volatility,cum_ret,2.8855954984766687
2020-12-04,High Volatility,cum_ret,2.930289839283623
2020-12-07,High Volatility,cum_ret,2.958831668873274
2020-12-08,High Volatility,cum_ret,3.0048699913560366
2020-12-09,High Volatility,cum_ret,2.89059077768557
2020-12-10,High Volatility,cum_ret,2.9649725796051243
2020-12-11,High Volatility,cum_ret,2.9628068432624386
2020-12-14,High Volatility,cum_ret,2.976628912530411
2020-12-15,High Volatility,cum_ret,3.020659270249972
2020-12-16,High Volatility,cum_ret,3.045773983584694
2020-12-17,High Volatility,cum_ret,3.0942366606297074
2020-12-18,High Volatility,cum_ret,3.1134765354653537
2020-12-21,High Volatility,cum_ret,3.1353689834565275
2020-12-22,High Volatility,cum_ret,3.156726952400817
2020-12-23,High Volatility,cum_ret,3.119990491850741
2020-12-24,High Volatility,cum_ret,3.1116380996950754
2020-12-28,High Volatility,cum_ret,3.0322164997800765
2020-12-29,High Volatility,cum_ret,3.0420855247183236
2020-12-30,High Volatility,cum_ret,3.096861619264496
2020-12-31,High Volatility,cum_ret,3.0697126009072515
2021-01-04,High Volatility,cum_ret,3.044259863996986
2021-01-05,High Volatility,cum_ret,3.114194597841365
2021-01-06,High Volatility,cum_ret,3.083392109701953
2021-01-07,High Volatility,cum_ret,3.2225680889974013
2021-01-08,High Volatility,cum_ret,3.2896430325222465
2021-01-11,High Volatility,cum_ret,3.276220673982935
2021-01-12,High Volatility,cum_ret,3.332318204173445
2021-01-13,High Volatility,cum_ret,3.3329128991686803
2021-01-14,High Volatility,cum_ret,3.3750029333254106
2021-01-15,High Volatility,cum_ret,3.2894416435004747
2021-01-19,High Volatility,cum_ret,3.380472764434463
2021-01-20,High Volatility,cum_ret,3.435072187560208
2021-01-21,High Volatility,cum_ret,3.4464845788574925
2021-01-22,High Volatility,cum_ret,3.4551472514048895
2021-01-25,High Volatility,cum_ret,3.462126036837864
2021-01-26,High Volatility,cum_ret,3.3661195669425075
2021-01-27,High Volatility,cum_ret,3.2338676497423013
2021-01-28,High Volatility,cum_ret,3.320577003110579
2021-01-29,High Volatility,cum_ret,3.2457634033007485
2021-02-01,High Volatility,cum_ret,3.344758546805174
2021-02-02,High Volatility,cum_ret,3.4325821619925243
2021-02-03,High Volatility,cum_ret,3.4255714216708157
2021-02-04,High Volatility,cum_ret,3.4892665938631926
2021-02-05,High Volatility,cum_ret,3.521904269389992
2021-02-08,High Volatility,cum_ret,3.5937968877697926
2021-02-09,High Volatility,cum_ret,3.6431200463999653
2021-02-10,High Volatility,cum_ret,3.6610390190104725
2021-02-11,High Volatility,cum_ret,3.703312967058143
2021-02-12,High Volatility,cum_ret,3.72399990207046
2021-02-16,High Volatility,cum_ret,3.71285140380591
2021-02-17,High Volatility,cum_ret,3.6533406015105236
2021-02-18,High Volatility,cum_ret,3.6010737934939945
2021-02-19,High Volatility,cum_ret,3.6550419043681166
2021-02-22,High Volatility,cum_ret,3.459301536498897
2021-02-23,High Volatility,cum_ret,3.4071148382614496
2021-02-24,High Volatility,cum_ret,3.439878881510174
2021-02-25,High Volatility,cum_ret,3.2443127362821893
2021-02-26,High Volatility,cum_ret,3.2875765099299024
2021-03-01,High Volatility,cum_ret,3.439687441200177
2021-03-02,High Volatility,cum_ret,3.3105474322560102
2021-03-03,High Volatility,cum_ret,3.145525529939883
2021-03-04,High Volatility,cum_ret,2.993807540345572
2021-03-05,High Volatility,cum_ret,2.987434065165307
2021-03-08,High Volatility,cum_ret,2.8151042620884956
2021-03-09,High Volatility,cum_ret,3.059170787796308
2021-03-10,High Volatility,cum_ret,3.0332779549242352
2021-03-11,High Volatility,cum_ret,3.2036655379922045
2021-03-12,High Volatility,cum_ret,3.1465358431669004
2021-03-15,High Volatility,cum_ret,3.1878918107630274
2021-03-16,High Volatility,cum_ret,3.1656284344214165
2021-03-17,High Volatility,cum_ret,3.1881921836639924
2021-03-18,High Volatility,cum_ret,3.0163897721063933
2021-03-19,High Volatility,cum_ret,3.0558732560038866
2021-03-22,High Volatility,cum_ret,3.101312015915364
2021-03-23,High Volatility,cum_ret,3.045891162691904
2021-03-24,High Volatility,cum_ret,2.908871324729258
2021-03-25,High Volatility,cum_ret,2.8945354424722542
2021-03-26,High Volatility,cum_ret,2.942105214809132
2021-03-29,High Volatility,cum_ret,2.884161833427002
2021-03-30,High Volatility,cum_ret,2.9172663805996093
2021-03-31,High Volatility,cum_ret,3.026982273571495
2021-04-01,High Volatility,cum_ret,3.1073125761666414
2021-04-05,High Volatility,cum_ret,3.1086545491036524
2021-04-06,High Volatility,cum_ret,3.158059166739175
2021-04-07,High Volatility,cum_ret,3.106514804381534
2021-04-08,High Volatility,cum_ret,3.1794515553982645
2021-04-09,High Volatility,cum_ret,3.174273585665396
2021-04-12,High Volatility,cum_ret,3.164729147759774
2021-04-13,High Volatility,cum_ret,3.249509232644961
2021-04-14,High Volatility,cum_ret,3.1993117214478333
2021-04-15,High Volatility,cum_ret,3.249033167897796
2021-04-16,High Volatility,cum_ret,3.236222195180465
2021-04-19,High Volatility,cum_ret,3.1627248022380403
2021-04-20,High Volatility,cum_ret,3.1065175846711757
2021-04-21,High Volatility,cum_ret,3.1758493176887197
2021-04-22,High Volatility,cum_ret,3.170585614341677
2021-04-23,High Volatility,cum_ret,3.2503371968253667
2021-04-26,High Volatility,cum_ret,3.324646623731428
2021-04-27,High Volatility,cum_ret,3.3047630597905004
2021-04-28,High Volatility,cum_ret,3.2809998315323536
2021-04-29,High Volatility,cum_ret,3.2256529875385325
2021-04-30,High Volatility,cum_ret,3.1778620583822788
2021-05-03,High Volatility,cum_ret,3.1254884142332946
2021-05-04,High Volatility,cum_ret,3.023351908034046
2021-05-05,High Volatility,cum_ret,2.9886447493082806
2021-05-06,High Volatility,cum_ret,2.9366363423831414
2021-05-07,High Volatility,cum_ret,2.984411923352399
2021-05-10,High Volatility,cum_ret,2.8536993311769843
2021-05-11,High Volatility,cum_ret,2.9016730991300106
2021-05-12,High Volatility,cum_ret,2.7931619948613235
2021-05-13,High Volatility,cum_ret,2.7489168980235132
2021-05-14,High Volatility,cum_ret,2.8577599834026377
2021-05-17,High Volatility,cum_ret,2.84381939155755
2021-05-18,High Volatility,cum_ret,2.867650196068858
2021-05-19,High Volatility,cum_ret,2.883260425579363
2021-05-20,High Volatility,cum_ret,2.9940603383585893
2021-05-21,High Volatility,cum_ret,2.9795908732188763
2021-05-24,High Volatility,cum_ret,3.041216840901371
2021-05-25,High Volatility,cum_ret,3.0436966242455448
2021-05-26,High Volatility,cum_ret,3.083194123252477
2021-05-27,High Volatility,cum_ret,3.0884084879500833
2021-05-28,High Volatility,cum_ret,3.1060655665473633
2021-06-01,High Volatility,cum_ret,3.12995760066287
2021-06-02,High Volatility,cum_ret,3.1249023301306735
2021-06-03,High Volatility,cum_ret,3.0473095056664983
2021-06-04,High Volatility,cum_ret,3.110051779870471
2021-06-07,High Volatility,cum_ret,3.1402000964440133
2021-06-08,High Volatility,cum_ret,3.145035694127345
2021-06-09,High Volatility,cum_ret,3.1258651968892557
2021-06-10,High Volatility,cum_ret,3.1788345792549424
2021-06-11,High Volatility,cum_ret,3.2123808378398593
2021-06-14,High Volatility,cum_ret,3.25043151124262
2021-06-15,High Volatility,cum_ret,3.196507114628903
2021-06-16,High Volatility,cum_ret,3.2060185895078286
2021-06-17,High Volatility,cum_ret,3.2963625789038646
2021-06-18,High Volatility,cum_ret,3.292254951195097
2021-06-21,High Volatility,cum_ret,3.293400686673115
2021-06-22,High Volatility,cum_ret,3.3409835922804563
2021-06-23,High Volatility,cum_ret,3.3680578097804847
2021-06-24,High Volatility,cum_ret,3.417632028457213
2021-06-25,High Volatility,cum_ret,3.427564538972997
2021-06-28,High Volatility,cum_ret,3.498266484930755
2021-06-29,High Volatility,cum_ret,3.5311955965639443
2021-06-30,High Volatility,cum_ret,3.5088515791029113
2021-07-01,High Volatility,cum_ret,3.4727899644740563
2021-07-02,High Volatility,cum_ret,3.4792893435244197
2021-07-06,High Volatility,cum_ret,3.4844879624065084
2021-07-07,High Volatility,cum_ret,3.4277540705485547
2021-07-08,High Volatility,cum_ret,3.3952152523241397
2021-07-09,High Volatility,cum_ret,3.4473772462476617
2021-07-12,High Volatility,cum_ret,3.459015241448679
2021-07-13,High Volatility,cum_ret,3.4444756868734125
2021-07-14,High Volatility,cum_ret,3.3725210118112936
2021-07-15,High Volatility,cum_ret,3.3405546245085733
2021-07-16,High Volatility,cum_ret,3.3120610123996546
2021-07-19,High Volatility,cum_ret,3.3322202112628694
2021-07-20,High Volatility,cum_ret,3.3932729739189713
2021-07-21,High Volatility,cum_ret,3.4620739272313106
2021-07-22,High Volatility,cum_ret,3.480947311569483
2021-07-23,High Volatility,cum_ret,3.504302721296127
2021-07-26,High Volatility,cum_ret,3.449971782665836
2021-07-27,High Volatility,cum_ret,3.3667015962618327
2021-07-28,High Volatility,cum_ret,3.465131996877654
2021-07-29,High Volatility,cum_ret,3.4811041461923726
2021-07-30,High Volatility,cum_ret,3.4620114362567747
2021-08-02,High Volatility,cum_ret,3.4787630113651495
2021-08-03,High Volatility,cum_ret,3.5063547570976197
2021-08-04,High Volatility,cum_ret,3.5529898315672543
2021-08-05,High Volatility,cum_ret,3.5891039724778695
2021-08-06,High Volatility,cum_ret,3.542826221269404
2021-08-09,High Volatility,cum_ret,3.581535510648206
2021-08-10,High Volatility,cum_ret,3.52692583261612
2021-08-11,High Volatility,cum_ret,3.4733257711365697
2021-08-12,High Volatility,cum_ret,3.469146302551731
2021-08-13,High Volatility,cum_ret,3.449723430498007
2021-08-16,High Volatility,cum_ret,3.38159665567327
2021-08-17,High Volatility,cum_ret,3.340518207786287
2021-08-18,High Volatility,cum_ret,3.3241816676862763
2021-08-19,High Volatility,cum_ret,3.295701383504483
2021-08-20,High Volatility,cum_ret,3.3237115465901814
2021-08-23,High Volatility,cum_ret,3.423417375652928
2021-08-24,High Volatility,cum_ret,3.500568863259498
2021-08-25,High Volatility,cum_ret,3.5181868094162634
2021-08-26,High Volatility,cum_ret,3.495790969054056
2021-08-27,High Volatility,cum_ret,3.5449962725435973
2021-08-30,High Volatility,cum_ret,3.572255484203961
2021-08-31,High Volatility,cum_ret,3.5530473826567066
2021-09-01,High Volatility,cum_ret,3.584477629340682
2021-09-02,High Volatility,cum_ret,3.594715400893193
2021-09-03,High Volatility,cum_ret,3.6215576712334543
2021-09-07,High Volatility,cum_ret,3.6174449159399993
2021-09-08,High Volatility,cum_ret,3.5435658362239564
2021-09-09,High Volatility,cum_ret,3.5475760715995706
2021-09-10,High Volatility,cum_ret,3.5132914927982246
2021-09-13,High Volatility,cum_ret,3.4876212070081487
2021-09-14,High Volatility,cum_ret,3.4716917314799387
2021-09-15,High Volatility,cum_ret,3.4926369004002353
2021-09-16,High Volatility,cum_ret,3.5072687439691705
2021-09-17,High Volatility,cum_ret,3.5124000062652216
2021-09-20,High Volatility,cum_ret,3.3907579494157174
2021-09-21,High Volatility,cum_ret,3.401781926897845
2021-09-22,High Volatility,cum_ret,3.473033494461652
2021-09-23,High Volatility,cum_ret,3.509107590730944
2021-09-24,High Volatility,cum_ret,3.45786426487775
2021-09-27,High Volatility,cum_ret,3.4422070277213974
2021-09-28,High Volatility,cum_ret,3.297503847098547
2021-09-29,High Volatility,cum_ret,3.2546181275833947
2021-09-30,High Volatility,cum_ret,3.2767448544870224
2021-10-01,High Volatility,cum_ret,3.2832413290061417
2021-10-04,High Volatility,cum_ret,3.1676485305194304
2021-10-05,High Volatility,cum_ret,3.2340200827589443
2021-10-06,High Volatility,cum_ret,3.252777284476249
2021-10-07,High Volatility,cum_ret,3.3260271831435073
2021-10-08,High Volatility,cum_ret,3.3009550252851256
2021-10-11,High Volatility,cum_ret,3.2918762723427015
2021-10-12,High Volatility,cum_ret,3.319437392072481
2021-10-13,High Volatility,cum_ret,3.407545192881366
2021-10-14,High Volatility,cum_ret,3.4654766999127418
2021-10-15,High Volatility,cum_ret,3.4805824298688792
2021-10-18,High Volatility,cum_ret,3.5581004013332467
2021-10-19,High Volatility,cum_ret,3.597950273976123
2021-10-20,High Volatility,cum_ret,3.5841586418711007
2021-10-21,High Volatility,cum_ret,3.6030920477625346
2021-10-22,High Volatility,cum_ret,3.5706704317242504
2021-10-25,High Volatility,cum_ret,3.627472455287388
2021-10-26,High Volatility,cum_ret,3.598362055580787
2021-10-27,High Volatility,cum_ret,3.5795280676795493
2021-10-28,High Volatility,cum_ret,3.6297577648652215
2021-10-29,High Volatility,cum_ret,3.627898042946179
2021-11-01,High Volatility,cum_ret,3.7017388776929194
2021-11-02,High Volatility,cum_ret,3.6967636185706567
2021-11-03,High Volatility,cum_ret,3.7362900451740804
2021-11-04,High Volatility,cum_ret,3.7590705091534784
2021-11-05,High Volatility,cum_ret,3.7235203279785023
2021-11-08,High Volatility,cum_ret,3.7725567832129636
2021-11-09,High Volatility,cum_ret,3.741956532366151
2021-11-10,High Volatility,cum_ret,3.6375499472604997
2021-11-11,High Volatility,cum_ret,3.69495235634591
2021-11-12,High Volatility,cum_ret,3.7615079813063743
2021-11-15,High Volatility,cum_ret,3.7322208090423166
2021-11-16,High Volatility,cum_ret,3.775863307463796
2021-11-17,High Volatility,cum_ret,3.7158211616721926
2021-11-18,High Volatility,cum_ret,3.6973402027031588
2021-11-19,High Volatility,cum_ret,3.681612146353312
2021-11-22,High Volatility,cum_ret,3.5779612178248397
2021-11-23,High Volatility,cum_ret,3.5183958251861362
2021-11-24,High Volatility,cum_ret,3.560295844503012
2021-11-26,High Volatility,cum_ret,3.5289810274076197
2021-11-29,High Volatility,cum_ret,3.5754148192303763
2021-11-30,High Volatility,cum_ret,3.481911656856773
2021-12-01,High Volatility,cum_ret,3.3108941359575716
2021-12-02,High Volatility,cum_ret,3.336286960714529
2021-12-03,High Volatility,cum_ret,3.1544540815994795
2021-12-06,High Volatility,cum_ret,3.1564363947512835
2021-12-07,High Volatility,cum_ret,3.3091824731761394
2021-12-08,High Volatility,cum_ret,3.3776101176981483
2021-12-09,High Volatility,cum_ret,3.2611832486473586
2021-12-10,High Volatility,cum_ret,3.2329139344896767
2021-12-13,High Volatility,cum_ret,3.1730679516217126
2021-12-14,High Volatility,cum_ret,3.1285692010321413
2021-12-15,High Volatility,cum_ret,3.1930464244827763
2021-12-16,High Volatility,cum_ret,3.0874004034214564
2021-12-17,High Volatility,cum_ret,3.131247402622093
2021-12-20,High Volatility,cum_ret,3.046246002297244
2021-12-21,High Volatility,cum_ret,3.1943535344339686
2021-12-22,High Volatility,cum_ret,3.1888024920070794
2021-12-23,High Volatility,cum_ret,3.214430392027723
2021-12-27,High Volatility,cum_ret,3.2377503263780394
2021-12-28,High Volatility,cum_ret,3.188615048711267
2021-12-29,High Volatility,cum_ret,3.169424186268073
2021-12-30,High Volatility,cum_ret,3.2330425982291175
2021-12-31,High Volatility,cum_ret,3.1934010293758526
2022-01-03,High Volatility,cum_ret,3.208915496785308
2022-01-04,High Volatility,cum_ret,3.086653242391091
2022-01-05,High Volatility,cum_ret,2.9145719017720637
2022-01-06,High Volatility,cum_ret,2.9374511708279463
2022-01-07,High Volatility,cum_ret,2.8818470403631626
2022-01-10,High Volatility,cum_ret,2.8987698672728373
2022-01-11,High Volatility,cum_ret,2.9776779897490613
2022-01-12,High Volatility,cum_ret,2.9807745238717285
2022-01-13,High Volatility,cum_ret,2.833587134760715
2022-01-14,High Volatility,cum_ret,2.8615354392820778
2022-01-18,High Volatility,cum_ret,2.753995276339099
2022-01-19,High Volatility,cum_ret,2.701502526873918
2022-01-20,High Volatility,cum_ret,2.680966701870188
2022-01-21,High Volatility,cum_ret,2.5341372645433147
2022-01-24,High Volatility,cum_ret,2.558039528533218
2022-01-25,High Volatility,cum_ret,2.4533270592191885
2022-01-26,High Volatility,cum_ret,2.418424873610604
2022-01-27,High Volatility,cum_ret,2.3417445279221343
2022-01-28,High Volatility,cum_ret,2.4355274780383342
2022-01-31,High Volatility,cum_ret,2.641708230591966
2022-02-01,High Volatility,cum_ret,2.68316793221221
2022-02-02,High Volatility,cum_ret,2.603195498648054
2022-02-03,High Volatility,cum_ret,2.4856745908633844
2022-02-04,High Volatility,cum_ret,2.5622933238692607
2022-02-07,High Volatility,cum_ret,2.547949188850941
2022-02-08,High Volatility,cum_ret,2.6010190435737526
2022-02-09,High Volatility,cum_ret,2.71938261032766
2022-02-10,High Volatility,cum_ret,2.672697422913729
2022-02-11,High Volatility,cum_ret,2.5586579626418695
2022-02-14,High Volatility,cum_ret,2.529111317883943
2022-02-15,High Volatility,cum_ret,2.659747426218271
2022-02-16,High Volatility,cum_ret,2.6038652196140655
2022-02-17,High Volatility,cum_ret,2.472449028766362
2022-02-18,High Volatility,cum_ret,2.376151005525221
2022-02-22,High Volatility,cum_ret,2.3328070725574626
2022-02-23,High Volatility,cum_ret,2.2465972419759397
2022-02-24,High Volatility,cum_ret,2.3985018249323327
2022-02-25,High Volatility,cum_ret,2.443133832040841
2022-02-28,High Volatility,cum_ret,2.508308950337305
2022-03-01,High Volatility,cum_ret,2.4570666513157993
2022-03-02,High Volatility,cum_ret,2.462672503616273
2022-03-03,High Volatility,cum_ret,2.345031884362589
2022-03-04,High Volatility,cum_ret,2.2473704393074874
2022-03-07,High Volatility,cum_ret,2.123051545530703
2022-03-08,High Volatility,cum_ret,2.1274600863701645
2022-03-09,High Volatility,cum_ret,2.261663112067402
2022-03-10,High Volatility,cum_ret,2.174947094206889
2022-03-11,High Volatility,cum_ret,2.0571485110086307
2022-03-14,High Volatility,cum_ret,1.9560617475983417
2022-03-15,High Volatility,cum_ret,2.040292153878565
2022-03-16,High Volatility,cum_ret,2.2811866556189755
2022-03-17,High Volatility,cum_ret,2.331669236617856
2022-03-18,High Volatility,cum_ret,2.441890051289424
2022-03-21,High Volatility,cum_ret,2.387060453953631
2022-03-22,High Volatility,cum_ret,2.493491302395077
2022-03-23,High Volatility,cum_ret,2.454220808777776
2022-03-24,High Volatility,cum_ret,2.4985043425806848
2022-03-25,High Volatility,cum_ret,2.4385156166667983
2022-03-28,High Volatility,cum_ret,2.495713005367134
2022-03-29,High Volatility,cum_ret,2.5877246183924014
2022-03-30,High Volatility,cum_ret,2.514190427583167
2022-03-31,High Volatility,cum_ret,2.444318012654542
2020-05-14,High Volatility,rolling_vol,0.44011542868028825
2020-05-15,High Volatility,rolling_vol,0.4387834388350908
2020-05-18,High Volatility,rolling_vol,0.43800842667343975
2020-05-19,High Volatility,rolling_vol,0.3851624473034682
2020-05-20,High Volatility,rolling_vol,0.38444601116214927
2020-05-21,High Volatility,rolling_vol,0.3856945523219641
2020-05-22,High Volatility,rolling_vol,0.38591376365017027
2020-05-26,High Volatility,rolling_vol,0.38600148195604056
2020-05-27,High Volatility,rolling_vol,0.367184156709786
2020-05-28,High Volatility,rolling_vol,0.36993148415549015
2020-05-29,High Volatility,rolling_vol,0.38039522553557176
2020-06-01,High Volatility,rolling_vol,0.38212510041796344
2020-06-02,High Volatility,rolling_vol,0.38213134164090073
2020-06-03,High Volatility,rolling_vol,0.336918609979111
2020-06-04,High Volatility,rolling_vol,0.33130836201781394
2020-06-05,High Volatility,rolling_vol,0.3304798515253373
2020-06-08,High Volatility,rolling_vol,0.33108617274140306
2020-06-09,High Volatility,rolling_vol,0.32989217188235753
2020-06-10,High Volatility,rolling_vol,0.3213599106904144
2020-06-11,High Volatility,rolling_vol,0.3645946884932344
2020-06-12,High Volatility,rolling_vol,0.352582494077721
2020-06-15,High Volatility,rolling_vol,0.3353826241410945
2020-06-16,High Volatility,rolling_vol,0.33374455552272125
2020-06-17,High Volatility,rolling_vol,0.33515795771373813
2020-06-18,High Volatility,rolling_vol,0.3294511671878604
2020-06-19,High Volatility,rolling_vol,0.3210739766868197
2020-06-22,High Volatility,rolling_vol,0.31786466765691207
2020-06-23,High Volatility,rolling_vol,0.3159485224395972
2020-06-24,High Volatility,rolling_vol,0.32312473736382913
2020-06-25,High Volatility,rolling_vol,0.31781685615401273
2020-06-26,High Volatility,rolling_vol,0.33174966118182175
2020-06-29,High Volatility,rolling_vol,0.331709284939269
2020-06-30,High Volatility,rolling_vol,0.3222339883153589
2020-07-01,High Volatility,rolling_vol,0.32358755595454436
2020-07-02,High Volatility,rolling_vol,0.323650355256078
2020-07-06,High Volatility,rolling_vol,0.3250106711376811
2020-07-07,High Volatility,rolling_vol,0.32557670109267894
2020-07-08,High Volatility,rolling_vol,0.3310616466176268
2020-07-09,High Volatility,rolling_vol,0.3297170249167893
2020-07-10,High Volatility,rolling_vol,0.3255535790991077
2020-07-13,High Volatility,rolling_vol,0.3365096130183121
2020-07-14,High Volatility,rolling_vol,0.33418701793344247
2020-07-15,High Volatility,rolling_vol,0.3341991452976704
2020-07-16,High Volatility,rolling_vol,0.34015818535842357
2020-07-17,High Volatility,rolling_vol,0.3333516893810355
2020-07-20,High Volatility,rolling_vol,0.34298209533191465
2020-07-21,High Volatility,rolling_vol,0.34533049735281923
2020-07-22,High Volatility,rolling_vol,0.34514856945796185
2020-07-23,High Volatility,rolling_vol,0.35815367332523657
2020-07-24,High Volatility,rolling_vol,0.3127929514973727
2020-07-27,High Volatility,rolling_vol,0.32165223710283675
2020-07-28,High Volatility,rolling_vol,0.31198401960937494
2020-07-29,High Volatility,rolling_vol,0.31501150006988715
2020-07-30,High Volatility,rolling_vol,0.3145417186166905
2020-07-31,High Volatility,rolling_vol,0.3121030520849661
2020-08-03,High Volatility,rolling_vol,0.32151557365020406
2020-08-04,High Volatility,rolling_vol,0.3216509071040175
2020-08-05,High Volatility,rolling_vol,0.32205030359395137
2020-08-06,High Volatility,rolling_vol,0.3162266310041626
2020-08-07,High Volatility,rolling_vol,0.33063285870471026
2020-08-10,High Volatility,rolling_vol,0.3218317184961107
2020-08-11,High Volatility,rolling_vol,0.3341436623320085
2020-08-12,High Volatility,rolling_vol,0.3372692103222696
2020-08-13,High Volatility,rolling_vol,0.33581843001605177
2020-08-14,High Volatility,rolling_vol,0.33478870923354154
2020-08-17,High Volatility,rolling_vol,0.3345879978557444
2020-08-18,High Volatility,rolling_vol,0.33484104064156944
2020-08-19,High Volatility,rolling_vol,0.32513096506033756
2020-08-20,High Volatility,rolling_vol,0.3229731771784293
2020-08-21,High Volatility,rolling_vol,0.3240270292698175
2020-08-24,High Volatility,rolling_vol,0.29931678991130706
2020-08-25,High Volatility,rolling_vol,0.3008193218553999
2020-08-26,High Volatility,rolling_vol,0.31043381126530856
2020-08-27,High Volatility,rolling_vol,0.3079505130629777
2020-08-28,High Volatility,rolling_vol,0.3081387705254587
2020-08-31,High Volatility,rolling_vol,0.29407960819100126
2020-09-01,High Volatility,rolling_vol,0.31360891843999417
2020-09-02,High Volatility,rolling_vol,0.313929249518712
2020-09-03,High Volatility,rolling_vol,0.37834986560109113
2020-09-04,High Volatility,rolling_vol,0.3866979196365529
2020-09-08,High Volatility,rolling_vol,0.41316855272394715
2020-09-09,High Volatility,rolling_vol,0.4201490707169271
2020-09-10,High Volatility,rolling_vol,0.4167691635400739
2020-09-11,High Volatility,rolling_vol,0.4170674712595439
2020-09-14,High Volatility,rolling_vol,0.4281608665323224
2020-09-15,High Volatility,rolling_vol,0.4214961710661946
2020-09-16,High Volatility,rolling_vol,0.4200173765491531
2020-09-17,High Volatility,rolling_vol,0.4211051169207974
2020-09-18,High Volatility,rolling_vol,0.41870560294350373
2020-09-21,High Volatility,rolling_vol,0.4145082082560854
2020-09-22,High Volatility,rolling_vol,0.4144395911747932
2020-09-23,High Volatility,rolling_vol,0.41846382498618306
2020-09-24,High Volatility,rolling_vol,0.41090986027329457
2020-09-25,High Volatility,rolling_vol,0.4200349305346094
2020-09-28,High Volatility,rolling_vol,0.4238618006726613
2020-09-29,High Volatility,rolling_vol,0.41642191249575755
2020-09-30,High Volatility,rolling_vol,0.4171740944364246
2020-10-01,High Volatility,rolling_vol,0.42310598604156635
2020-10-02,High Volatility,rolling_vol,0.42694940765666367
2020-10-05,High Volatility,rolling_vol,0.435564335102411
2020-10-06,High Volatility,rolling_vol,0.43667488151581935
2020-10-07,High Volatility,rolling_vol,0.441134934252127
2020-10-08,High Volatility,rolling_vol,0.4334067110874737
2020-10-09,High Volatility,rolling_vol,0.43413399436789274
2020-10-12,High Volatility,rolling_vol,0.4373368603418872
2020-10-13,High Volatility,rolling_vol,0.43835983993273964
2020-10-14,High Volatility,rolling_vol,0.4208178580780307
2020-10-15,High Volatility,rolling_vol,0.420936493933798
2020-10-16,High Volatility,rolling_vol,0.35502883013574915
2020-10-19,High Volatility,rolling_vol,0.34405666261085316
2020-10-20,High Volatility,rolling_vol,0.29318505050698696
2020-10-21,High Volatility,rolling_vol,0.295705155971187
2020-10-22,High Volatility,rolling_vol,0.28835984739251547
2020-10-23,High Volatility,rolling_vol,0.28483616214165486
2020-10-26,High Volatility,rolling_vol,0.27867659827801666
2020-10-27,High Volatility,rolling_vol,0.2755320151035967
2020-10-28,High Volatility,rolling_vol,0.2935292841694315
2020-10-29,High Volatility,rolling_vol,0.2878702961243042
2020-10-30,High Volatility,rolling_vol,0.31609879458481516
2020-11-02,High Volatility,rolling_vol,0.313201988236456
2020-11-03,High Volatility,rolling_vol,0.31252527607769204
2020-11-04,High Volatility,rolling_vol,0.3287163660337578
2020-11-05,High Volatility,rolling_vol,0.3465922241342604
2020-11-06,High Volatility,rolling_vol,0.3384849889254065
2020-11-09,High Volatility,rolling_vol,0.3690774677224055
2020-11-10,High Volatility,rolling_vol,0.3838194164296295
2020-11-11,High Volatility,rolling_vol,0.3995448988936693
2020-11-12,High Volatility,rolling_vol,0.39438902584968544
2020-11-13,High Volatility,rolling_vol,0.38887053022984647
2020-11-16,High Volatility,rolling_vol,0.3797938112618809
2020-11-17,High Volatility,rolling_vol,0.37840980513473776
2020-11-18,High Volatility,rolling_vol,0.3705648899704733
2020-11-19,High Volatility,rolling_vol,0.37662934999404124
2020-11-20,High Volatility,rolling_vol,0.3739577498659544
2020-11-23,High Volatility,rolling_vol,0.3714711012007568
2020-11-24,High Volatility,rolling_vol,0.3694569521590153
2020-11-25,High Volatility,rolling_vol,0.37065486895782834
2020-11-27,High Volatility,rolling_vol,0.37543084129624354
2020-11-30,High Volatility,rolling_vol,0.3749915685378323
2020-12-01,High Volatility,rolling_vol,0.37609031288699085
2020-12-02,High Volatility,rolling_vol,0.37558452659453473
2020-12-03,High Volatility,rolling_vol,0.36968125502988874
2020-12-04,High Volatility,rolling_vol,0.36967549939198247
2020-12-07,High Volatility,rolling_vol,0.3698166180631716
2020-12-08,High Volatility,rolling_vol,0.36473450397344687
2020-12-09,High Volatility,rolling_vol,0.3883945624862682
2020-12-10,High Volatility,rolling_vol,0.37450947392877115
2020-12-11,High Volatility,rolling_vol,0.3747523014580974
2020-12-14,High Volatility,rolling_vol,0.3461815072626981
2020-12-15,High Volatility,rolling_vol,0.34656899955732984
2020-12-16,High Volatility,rolling_vol,0.34624680923570633
2020-12-17,High Volatility,rolling_vol,0.3201435883617142
2020-12-18,High Volatility,rolling_vol,0.2995340964721932
2020-12-21,High Volatility,rolling_vol,0.2993380469479424
2020-12-22,High Volatility,rolling_vol,0.2514415777306632
2020-12-23,High Volatility,rolling_vol,0.22857017636859667
2020-12-24,High Volatility,rolling_vol,0.2072431455358946
2020-12-28,High Volatility,rolling_vol,0.2275792228322047
2020-12-29,High Volatility,rolling_vol,0.2269233729722777
2020-12-30,High Volatility,rolling_vol,0.2290241926171216
2020-12-31,High Volatility,rolling_vol,0.23301859928858956
2021-01-04,High Volatility,rolling_vol,0.23419452627571685
2021-01-05,High Volatility,rolling_vol,0.23237460859102416
2021-01-06,High Volatility,rolling_vol,0.23592301608653052
2021-01-07,High Volatility,rolling_vol,0.2603584821820159
2021-01-08,High Volatility,rolling_vol,0.263876884117466
2021-01-11,High Volatility,rolling_vol,0.2641869248021448
2021-01-12,High Volatility,rolling_vol,0.26072471955663934
2021-01-13,High Volatility,rolling_vol,0.2611635513079808
2021-01-14,High Volatility,rolling_vol,0.25633409126972295
2021-01-15,High Volatility,rolling_vol,0.2722755710670971
2021-01-19,High Volatility,rolling_vol,0.2751958170057413
2021-01-20,High Volatility,rolling_vol,0.2754101407086334
2021-01-21,High Volatility,rolling_vol,0.27514578619057295
2021-01-22,High Volatility,rolling_vol,0.2734643248682335
2021-01-25,High Volatility,rolling_vol,0.24077530704767033
2021-01-26,High Volatility,rolling_vol,0.25298361785966467
2021-01-27,High Volatility,rolling_vol,0.2835500082478146
2021-01-28,High Volatility,rolling_vol,0.29163775893085847
2021-01-29,High Volatility,rolling_vol,0.299430187164225
2021-02-01,High Volatility,rolling_vol,0.3096173322586115
2021-02-02,High Volatility,rolling_vol,0.31457173266630095
2021-02-03,High Volatility,rolling_vol,0.31485500100960834
2021-02-04,High Volatility,rolling_vol,0.31778438397020403
2021-02-05,High Volatility,rolling_vol,0.3180905464179089
2021-02-08,High Volatility,rolling_vol,0.3181516402164806
2021-02-09,High Volatility,rolling_vol,0.3183702139881221
2021-02-10,High Volatility,rolling_vol,0.3044264294321481
2021-02-11,High Volatility,rolling_vol,0.30464866005174945
2021-02-12,High Volatility,rolling_vol,0.30276728551740967
2021-02-16,High Volatility,rolling_vol,0.300736207531303
2021-02-17,High Volatility,rolling_vol,0.3048834026221404
2021-02-18,High Volatility,rolling_vol,0.30626561736610913
2021-02-19,High Volatility,rolling_vol,0.30429625236426827
2021-02-22,High Volatility,rolling_vol,0.33001187491440215
2021-02-23,High Volatility,rolling_vol,0.32913063382031077
2021-02-24,High Volatility,rolling_vol,0.32961485661782275
2021-02-25,High Volatility,rolling_vol,0.3693148413506911
2021-02-26,High Volatility,rolling_vol,0.37157940391522687
2021-03-01,High Volatility,rolling_vol,0.39297517905591445
2021-03-02,High Volatility,rolling_vol,0.4018919145368362
2021-03-03,High Volatility,rolling_vol,0.419845411152383
2021-03-04,High Volatility,rolling_vol,0.4373816202402106
2021-03-05,High Volatility,rolling_vol,0.4368111969039475
2021-03-08,High Volatility,rolling_vol,0.46388242417231534
2021-03-09,High Volatility,rolling_vol,0.5319258730095381
2021-03-10,High Volatility,rolling_vol,0.5272529922631976
2021-03-11,High Volatility,rolling_vol,0.5413909887569953
2021-03-12,High Volatility,rolling_vol,0.5376056393805594
2021-03-15,High Volatility,rolling_vol,0.5354761854396084
2021-03-16,High Volatility,rolling_vol,0.5277633055657011
2021-03-17,High Volatility,rolling_vol,0.5219507494874341
2021-03-18,High Volatility,rolling_vol,0.544015426257469
2021-03-19,High Volatility,rolling_vol,0.5422777642226375
2021-03-22,High Volatility,rolling_vol,0.5437049901196528
2021-03-23,High Volatility,rolling_vol,0.5400475490433014
2021-03-24,High Volatility,rolling_vol,0.5492711326758043
2021-03-25,High Volatility,rolling_vol,0.5480781510400767
2021-03-26,High Volatility,rolling_vol,0.5497294609795702
2021-03-29,High Volatility,rolling_vol,0.5493533511754974
2021-03-30,High Volatility,rolling_vol,0.5521921754069409
2021-03-31,High Volatility,rolling_vol,0.5666486417218737
2021-04-01,High Volatility,rolling_vol,0.5737541990381231
2021-04-05,High Volatility,rolling_vol,0.5709450554237205
2021-04-06,High Volatility,rolling_vol,0.5540784934679985
2021-04-07,High Volatility,rolling_vol,0.5543298593258968
2021-04-08,High Volatility,rolling_vol,0.5584277389482366
2021-04-09,High Volatility,rolling_vol,0.5326823566158781
2021-04-12,High Volatility,rolling_vol,0.5310576684047695
2021-04-13,High Volatility,rolling_vol,0.5194242845983289
2021-04-14,High Volatility,rolling_vol,0.509687684641037
2021-04-15,High Volatility,rolling_vol,0.48904342046967597
2021-04-16,High Volatility,rolling_vol,0.4654146908252426
2021-04-19,High Volatility,rolling_vol,0.47113856823250333
2021-04-20,High Volatility,rolling_vol,0.43842968847460556
2021-04-21,High Volatility,rolling_vol,0.37254140531912394
2021-04-22,High Volatility,rolling_vol,0.3715121446153463
2021-04-23,High Volatility,rolling_vol,0.3434192995034872
2021-04-26,High Volatility,rolling_vol,0.3445953821594712
2021-04-27,High Volatility,rolling_vol,0.3436272765123541
2021-04-28,High Volatility,rolling_vol,0.34367105153352084
2021-04-29,High Volatility,rolling_vol,0.347157276882286
2021-04-30,High Volatility,rolling_vol,0.3082897576510328
2021-05-03,High Volatility,rolling_vol,0.3108270059609406
2021-05-04,High Volatility,rolling_vol,0.3229114012801822
2021-05-05,High Volatility,rolling_vol,0.320450150754918
2021-05-06,High Volatility,rolling_vol,0.29501601834292557
2021-05-07,High Volatility,rolling_vol,0.29806159544131816
2021-05-10,High Volatility,rolling_vol,0.32243291137920727
2021-05-11,High Volatility,rolling_vol,0.32124606388788896
2021-05-12,High Volatility,rolling_vol,0.33786558948013296
2021-05-13,High Volatility,rolling_vol,0.3199724165315179
2021-05-14,High Volatility,rolling_vol,0.3319383190627115
2021-05-17,High Volatility,rolling_vol,0.33184771953696224
2021-05-18,High Volatility,rolling_vol,0.32889023624914543
2021-05-19,High Volatility,rolling_vol,0.32734682192997777
2021-05-20,High Volatility,rolling_vol,0.3397024142603287
2021-05-21,High Volatility,rolling_vol,0.3397995110196445
2021-05-24,High Volatility,rolling_vol,0.3460172928811099
2021-05-25,High Volatility,rolling_vol,0.33597559938696125
2021-05-26,High Volatility,rolling_vol,0.3362472764095853
2021-05-27,High Volatility,rolling_vol,0.3326735035990156
2021-05-28,High Volatility,rolling_vol,0.33327908765249614
2021-06-01,High Volatility,rolling_vol,0.3278046932500034
2021-06-02,High Volatility,rolling_vol,0.3235828583887197
2021-06-03,High Volatility,rolling_vol,0.3247793305433605
2021-06-04,High Volatility,rolling_vol,0.33083805685615775
2021-06-07,High Volatility,rolling_vol,0.3235168945871717
2021-06-08,High Volatility,rolling_vol,0.31574415523068483
2021-06-09,High Volatility,rolling_vol,0.3157575180090333
2021-06-10,High Volatility,rolling_vol,0.31986117027923167
2021-06-11,High Volatility,rolling_vol,0.3178657286401847
2021-06-14,High Volatility,rolling_vol,0.31648801145837513
2021-06-15,High Volatility,rolling_vol,0.3165410987102706
2021-06-16,High Volatility,rolling_vol,0.2997201639946734
2021-06-17,High Volatility,rolling_vol,0.305940368285946
2021-06-18,High Volatility,rolling_vol,0.2998868158503707
2021-06-21,High Volatility,rolling_vol,0.29773055365022516
2021-06-22,High Volatility,rolling_vol,0.2619426886196274
2021-06-23,High Volatility,rolling_vol,0.2598632416085508
2021-06-24,High Volatility,rolling_vol,0.22672370252123997
2021-06-25,High Volatility,rolling_vol,0.21668545907768852
2021-06-28,High Volatility,rolling_vol,0.19931831520630836
2021-06-29,High Volatility,rolling_vol,0.19635009085496424
2021-06-30,High Volatility,rolling_vol,0.2001961520896047
2021-07-01,High Volatility,rolling_vol,0.20620406412554432
2021-07-02,High Volatility,rolling_vol,0.18353392785234454
2021-07-06,High Volatility,rolling_vol,0.18148574291205782
2021-07-07,High Volatility,rolling_vol,0.18597830440255966
2021-07-08,High Volatility,rolling_vol,0.1898927642578971
2021-07-09,High Volatility,rolling_vol,0.19100807997670946
2021-07-12,High Volatility,rolling_vol,0.1909148213935619
2021-07-13,High Volatility,rolling_vol,0.19220454182338206
2021-07-14,High Volatility,rolling_vol,0.20442402676067575
2021-07-15,High Volatility,rolling_vol,0.20707109362395887
2021-07-16,High Volatility,rolling_vol,0.19313680883386958
2021-07-19,High Volatility,rolling_vol,0.1861287547497995
2021-07-20,High Volatility,rolling_vol,0.19062684894910706
2021-07-21,High Volatility,rolling_vol,0.1971992628311466
2021-07-22,High Volatility,rolling_vol,0.1952901319888361
2021-07-23,High Volatility,rolling_vol,0.19150489521753192
2021-07-26,High Volatility,rolling_vol,0.19777674154724745
2021-07-27,High Volatility,rolling_vol,0.21027353477753868
2021-07-28,High Volatility,rolling_vol,0.217878424728486
2021-07-29,High Volatility,rolling_vol,0.217947750831616
2021-07-30,High Volatility,rolling_vol,0.20571785074729995
2021-08-02,High Volatility,rolling_vol,0.20573183153158123
2021-08-03,High Volatility,rolling_vol,0.20642014462413644
2021-08-04,High Volatility,rolling_vol,0.20586137321199724
2021-08-05,High Volatility,rolling_vol,0.2064645142365985
2021-08-06,High Volatility,rolling_vol,0.20744007007556436
2021-08-09,High Volatility,rolling_vol,0.20928442601668984
2021-08-10,High Volatility,rolling_vol,0.20680650205622844
2021-08-11,High Volatility,rolling_vol,0.20972426975039338
2021-08-12,High Volatility,rolling_vol,0.20901747494870654
2021-08-13,High Volatility,rolling_vol,0.20750787603349485
2021-08-16,High Volatility,rolling_vol,0.21509115713330199
2021-08-17,High Volatility,rolling_vol,0.2173985092566179
2021-08-18,High Volatility,rolling_vol,0.21300776004699987
2021-08-19,High Volatility,rolling_vol,0.2127004139192498
2021-08-20,High Volatility,rolling_vol,0.20907808245970638
2021-08-23,High Volatility,rolling_vol,0.22707274623277163
2021-08-24,High Volatility,rolling_vol,0.2359643986988488
2021-08-25,High Volatility,rolling_vol,0.22711903928201124
2021-08-26,High Volatility,rolling_vol,0.22598577584072368
2021-08-27,High Volatility,rolling_vol,0.22669185621233895
2021-08-30,High Volatility,rolling_vol,0.22697068072246357
2021-08-31,High Volatility,rolling_vol,0.22291713404956942
2021-09-01,High Volatility,rolling_vol,0.2170906357996942
2021-09-02,High Volatility,rolling_vol,0.21677701382435394
2021-09-03,High Volatility,rolling_vol,0.21695723928290267
2021-09-07,High Volatility,rolling_vol,0.2112414636568982
2021-09-08,High Volatility,rolling_vol,0.20742969461236582
2021-09-09,High Volatility,rolling_vol,0.19084336727463136
2021-09-10,High Volatility,rolling_vol,0.19285365195381968
2021-09-13,High Volatility,rolling_vol,0.19340583949807982
2021-09-14,High Volatility,rolling_vol,0.19339078041983734
2021-09-15,High Volatility,rolling_vol,0.19279208634836528
2021-09-16,High Volatility,rolling_vol,0.1891020090367928
2021-09-17,High Volatility,rolling_vol,0.18655512832309615
2021-09-20,High Volatility,rolling_vol,0.2090741471701636
2021-09-21,High Volatility,rolling_vol,0.20631746437432735
2021-09-22,High Volatility,rolling_vol,0.21201090151148294
2021-09-23,High Volatility,rolling_vol,0.2094679867466612
2021-09-24,High Volatility,rolling_vol,0.21394404978727163
2021-09-27,High Volatility,rolling_vol,0.2137260070743885
2021-09-28,High Volatility,rolling_vol,0.24097094791798093
2021-09-29,High Volatility,rolling_vol,0.24134043081078688
2021-09-30,High Volatility,rolling_vol,0.24201657561000248
2021-10-01,High Volatility,rolling_vol,0.24087015403883952
2021-10-04,High Volatility,rolling_vol,0.2605631951514433
2021-10-05,High Volatility,rolling_vol,0.2525270742087276
2021-10-06,High Volatility,rolling_vol,0.2431493808440878
2021-10-07,High Volatility,rolling_vol,0.2527043145622866
2021-10-08,High Volatility,rolling_vol,0.25291065231019505
2021-10-11,High Volatility,rolling_vol,0.24838493330647676
2021-10-12,High Volatility,rolling_vol,0.24863267190601243
2021-10-13,High Volatility,rolling_vol,0.261884110124896
2021-10-14,High Volatility,rolling_vol,0.26562203270640544
2021-10-15,High Volatility,rolling_vol,0.26585222555622334
2021-10-18,High Volatility,rolling_vol,0.2731733740749493
2021-10-19,High Volatility,rolling_vol,0.2752679242139417
2021-10-20,High Volatility,rolling_vol,0.2686477245130047
2021-10-21,High Volatility,rolling_vol,0.2690156753254054
2021-10-22,High Volatility,rolling_vol,0.26880053632642165
2021-10-25,High Volatility,rolling_vol,0.2712549183554014
2021-10-26,High Volatility,rolling_vol,0.2720974160217115
2021-10-27,High Volatility,rolling_vol,0.272321494241219
2021-10-28,High Volatility,rolling_vol,0.27482373085660006
2021-10-29,High Volatility,rolling_vol,0.27486347287744123
2021-11-01,High Volatility,rolling_vol,0.2575960007794417
2021-11-02,High Volatility,rolling_vol,0.2578897648042921
2021-11-03,High Volatility,rolling_vol,0.2534026424954912
2021-11-04,High Volatility,rolling_vol,0.252548923629526
2021-11-05,High Volatility,rolling_vol,0.24993922940139074
2021-11-08,High Volatility,rolling_vol,0.25086360241376865
2021-11-09,High Volatility,rolling_vol,0.21279766295190178
2021-11-10,High Volatility,rolling_vol,0.2275944856077472
2021-11-11,High Volatility,rolling_vol,0.23007697300103913
2021-11-12,High Volatility,rolling_vol,0.23343811575895018
2021-11-15,High Volatility,rolling_vol,0.20353388066532116
2021-11-16,High Volatility,rolling_vol,0.1992625320865882
2021-11-17,High Volatility,rolling_vol,0.2084879540336969
2021-11-18,High Volatility,rolling_vol,0.20312575566556268
2021-11-19,High Volatility,rolling_vol,0.201778935372772
2021-11-22,High Volatility,rolling_vol,0.22175240127481655
2021-11-23,High Volatility,rolling_vol,0.22814305991173606
2021-11-24,High Volatility,rolling_vol,0.21846759937607663
2021-11-26,High Volatility,rolling_vol,0.21540249530036704
2021-11-29,High Volatility,rolling_vol,0.218185521169651
2021-11-30,High Volatility,rolling_vol,0.22263091594932044
2021-12-01,High Volatility,rolling_vol,0.2620319657967711
2021-12-02,High Volatility,rolling_vol,0.26373213610186325
2021-12-03,High Volatility,rolling_vol,0.3049127961452618
2021-12-06,High Volatility,rolling_vol,0.3049309930735647
2021-12-07,High Volatility,rolling_vol,0.33494202482065166
2021-12-08,High Volatility,rolling_vol,0.3413854619526943
2021-12-09,High Volatility,rolling_vol,0.3544649649377166
2021-12-10,High Volatility,rolling_vol,0.35106487472016296
2021-12-13,High Volatility,rolling_vol,0.35350178207256183
2021-12-14,High Volatility,rolling_vol,0.3466540609403604
2021-12-15,High Volatility,rolling_vol,0.35461481788043925
2021-12-16,High Volatility,rolling_vol,0.3609436110275336
2021-12-17,High Volatility,rolling_vol,0.36408149506711185
2021-12-20,High Volatility,rolling_vol,0.3692572401649627
2021-12-21,High Volatility,rolling_vol,0.3976252073653727
2021-12-22,High Volatility,rolling_vol,0.3976947749906972
2021-12-23,High Volatility,rolling_vol,0.39337225169140266
2021-12-27,High Volatility,rolling_vol,0.39043708072461036
2021-12-28,High Volatility,rolling_vol,0.3858099553893719
2021-12-29,High Volatility,rolling_vol,0.3857518871070959
2021-12-30,High Volatility,rolling_vol,0.3896453553382788
2021-12-31,High Volatility,rolling_vol,0.3888976992513586
2022-01-03,High Volatility,rolling_vol,0.3899545257322437
2022-01-04,High Volatility,rolling_vol,0.40228632878348375
2022-01-05,High Volatility,rolling_vol,0.4244532730145172
2022-01-06,High Volatility,rolling_vol,0.4254300819919089
2022-01-07,High Volatility,rolling_vol,0.42359598129963755
2022-01-10,High Volatility,rolling_vol,0.42519385118808223
2022-01-11,High Volatility,rolling_vol,0.4325377526935157
2022-01-12,High Volatility,rolling_vol,0.42859649908007036
2022-01-13,High Volatility,rolling_vol,0.42885050593144003
2022-01-14,High Volatility,rolling_vol,0.42946171214878726
2022-01-18,High Volatility,rolling_vol,0.41398234142506596
2022-01-19,High Volatility,rolling_vol,0.41583510127955997
2022-01-20,High Volatility,rolling_vol,0.3849636454913447
2022-01-21,High Volatility,rolling_vol,0.40131109047875296
2022-01-24,High Volatility,rolling_vol,0.3974322163966301
2022-01-25,High Volatility,rolling_vol,0.4092693085093028
2022-01-26,High Volatility,rolling_vol,0.40858600114552185
2022-01-27,High Volatility,rolling_vol,0.4138698940324088
2022-01-28,High Volatility,rolling_vol,0.42910828658210015
2022-01-31,High Volatility,rolling_vol,0.4958652213207619
2022-02-01,High Volatility,rolling_vol,0.49638054448599106
2022-02-02,High Volatility,rolling_vol,0.49751464129126943
2022-02-03,High Volatility,rolling_vol,0.48519017133208775
2022-02-04,High Volatility,rolling_vol,0.49775280431526736
2022-02-07,High Volatility,rolling_vol,0.49567676015030326
2022-02-08,High Volatility,rolling_vol,0.5006836391111062
2022-02-09,High Volatility,rolling_vol,0.5219295544601106
2022-02-10,High Volatility,rolling_vol,0.523089364877676
2022-02-11,High Volatility,rolling_vol,0.5284669681298533
2022-02-14,High Volatility,rolling_vol,0.52841720327376
2022-02-15,High Volatility,rolling_vol,0.5537246420559532
2022-02-16,High Volatility,rolling_vol,0.5470299073910873
2022-02-17,High Volatility,rolling_vol,0.5426718765375125
2022-02-18,High Volatility,rolling_vol,0.5499906491186795
2022-02-22,High Volatility,rolling_vol,0.5498609814461322
2022-02-23,High Volatility,rolling_vol,0.5554230003185314
2022-02-24,High Volatility,rolling_vol,0.5871022386753898
2022-02-25,High Volatility,rolling_vol,0.5913762857524304
2022-02-28,High Volatility,rolling_vol,0.5836248798014193
2022-03-01,High Volatility,rolling_vol,0.5840060026115705
2022-03-02,High Volatility,rolling_vol,0.575728551097399
2022-03-03,High Volatility,rolling_vol,0.5889697604121235
2022-03-04,High Volatility,rolling_vol,0.5990732033168176
2022-03-07,High Volatility,rolling_vol,0.5995014092230104
2022-03-08,High Volatility,rolling_vol,0.5982541963048157
2022-03-09,High Volatility,rolling_vol,0.6190053904261489
2022-03-10,High Volatility,rolling_vol,0.6271530593221823
2022-03-11,High Volatility,rolling_vol,0.6400325520953782
2022-03-14,High Volatility,rolling_vol,0.6397242944487033
2022-03-15,High Volatility,rolling_vol,0.6015819296651826
2022-03-16,High Volatility,rolling_vol,0.6926218477361759
2022-03-17,High Volatility,rolling_vol,0.692854764060328
2022-03-18,High Volatility,rolling_vol,0.6953163177018354
2022-03-21,High Volatility,rolling_vol,0.6917914597226091
2022-03-22,High Volatility,rolling_vol,0.7043824820849991
2022-03-23,High Volatility,rolling_vol,0.7027157216342088
2022-03-24,High Volatility,rolling_vol,0.691576729522349
2022-03-25,High Volatility,rolling_vol,0.6931435578084227
2022-03-28,High Volatility,rolling_vol,0.6861867188565693
2022-03-29,High Volatility,rolling_vol,0.6936120655530407
2022-03-30,High Volatility,rolling_vol,0.6822851406001911
2022-03-31,High Volatility,rolling_vol,0.6842931996718772
2020-04-02,High Volatility,drawdown,0.0
2020-04-03,High Volatility,drawdown,-0.0132433406196288
2020-04-06,High Volatility,drawdown,0.0
2020-04-07,High Volatility,drawdown,0.0
2020-04-08,High Volatility,drawdown,0.0
2020-04-09,High Volatility,drawdown,0.0
2020-04-13,High Volatility,drawdown,0.0
2020-04-14,High Volatility,drawdown,0.0
2020-04-15,High Volatility,drawdown,0.0
2020-04-16,High Volatility,drawdown,0.0
2020-04-17,High Volatility,drawdown,0.0
2020-04-20,High Volatility,drawdown,0.0
2020-04-21,High Volatility,drawdown,-0.05117831766311276
2020-04-22,High Volatility,drawdown,-0.010077915676958597
2020-04-23,High Volatility,drawdown,-0.01425609552562124
2020-04-24,High Volatility,drawdown,-0.0008862867164161814
2020-04-27,High Volatility,drawdown,0.0
2020-04-28,High Volatility,drawdown,-0.016733451197816614
2020-04-29,High Volatility,drawdown,0.0
2020-04-30,High Volatility,drawdown,-0.02545297608420303
2020-05-01,High Volatility,drawdown,-0.06287802750807342
2020-05-04,High Volatility,drawdown,-0.03614708110848294
2020-05-05,High Volatility,drawdown,-0.021440927405978825
2020-05-06,High Volatility,drawdown,0.0
2020-05-07,High Volatility,drawdown,0.0
2020-05-08,High Volatility,drawdown,0.0
2020-05-11,High Volatility,drawdown,0.0
2020-05-12,High Volatility,drawdown,-0.013711359526605084
2020-05-13,High Volatility,drawdown,-0.026889165210434655
2020-05-14,High Volatility,drawdown,-0.014769499555056503
2020-05-15,High Volatility,drawdown,-0.005095240086590601
2020-05-18,High Volatility,drawdown,0.0
2020-05-19,High Volatility,drawdown,0.0
2020-05-20,High Volatility,drawdown,0.0
2020-05-21,High Volatility,drawdown,-0.013064027958205491
2020-05-22,High Volatility,drawdown,-0.008713688989226585
2020-05-26,High Volatility,drawdown,-0.01175353373313136
2020-05-27,High Volatility,drawdown,-0.016423493154345395
2020-05-28,High Volatility,drawdown,-0.025517778934598462
2020-05-29,High Volatility,drawdown,0.0
2020-06-01,High Volatility,drawdown,0.0
2020-06-02,High Volatility,drawdown,0.0
2020-06-03,High Volatility,drawdown,0.0
2020-06-04,High Volatility,drawdown,-0.0169332504347647
2020-06-05,High Volatility,drawdown,0.0
2020-06-08,High Volatility,drawdown,0.0
2020-06-09,High Volatility,drawdown,0.0
2020-06-10,High Volatility,drawdown,0.0
2020-06-11,High Volatility,drawdown,-0.055136597643295544
2020-06-12,High Volatility,drawdown,-0.040200190489858456
2020-06-15,High Volatility,drawdown,-0.0013131123491748548
2020-06-16,High Volatility,drawdown,0.0
2020-06-17,High Volatility,drawdown,-0.0019032943250626385
2020-06-18,High Volatility,drawdown,0.0
2020-06-19,High Volatility,drawdown,0.0
2020-06-22,High Volatility,drawdown,0.0
2020-06-23,High Volatility,drawdown,0.0
2020-06-24,High Volatility,drawdown,-0.023787437055431824
2020-06-25,High Volatility,drawdown,-0.011762781519476101
2020-06-26,High Volatility,drawdown,-0.03707394141408394
2020-06-29,High Volatility,drawdown,-0.02806121794695318
2020-06-30,High Volatility,drawdown,-0.005135565842098476
2020-07-01,High Volatility,drawdown,0.0
2020-07-02,High Volatility,drawdown,0.0
2020-07-06,High Volatility,drawdown,0.0
2020-07-07,High Volatility,drawdown,0.0
2020-07-08,High Volatility,drawdown,0.0
2020-07-09,High Volatility,drawdown,0.0
2020-07-10,High Volatility,drawdown,0.0
2020-07-13,High Volatility,drawdown,-0.03816654187817529
2020-07-14,High Volatility,drawdown,-0.02232722509210928
2020-07-15,High Volatility,drawdown,-0.01785607991812134
2020-07-16,High Volatility,drawdown,-0.03452868985860129
2020-07-17,High Volatility,drawdown,-0.027290691212292606
2020-07-20,High Volatility,drawdown,0.0
2020-07-21,High Volatility,drawdown,-0.010712921376056686
2020-07-22,High Volatility,drawdown,-0.007529962574970713
2020-07-23,High Volatility,drawdown,-0.03486067760048204
2020-07-24,High Volatility,drawdown,-0.04786238297547657
2020-07-27,High Volatility,drawdown,-0.015412006743035203
2020-07-28,High Volatility,drawdown,-0.030259619963926156
2020-07-29,High Volatility,drawdown,-0.0015079878737330537
2020-07-30,High Volatility,drawdown,0.0
2020-07-31,High Volatility,drawdown,0.0
2020-08-03,High Volatility,drawdown,0.0
2020-08-04,High Volatility,drawdown,0.0
2020-08-05,High Volatility,drawdown,0.0
2020-08-06,High Volatility,drawdown,-0.01595252899403121
2020-08-07,High Volatility,drawdown,-0.04231386219508787
2020-08-10,High Volatility,drawdown,-0.05446487670554409
2020-08-11,High Volatility,drawdown,-0.07816359401522757
2020-08-12,High Volatility,drawdown,-0.05104939531186044
2020-08-13,High Volatility,drawdown,-0.041154874027153295
2020-08-14,High Volatility,drawdown,-0.048161188467192695
2020-08-17,High Volatility,drawdown,-0.02014625212230023
2020-08-18,High Volatility,drawdown,-0.010495512559456088
2020-08-19,High Volatility,drawdown,-0.011602646341523897
2020-08-20,High Volatility,drawdown,-0.00019028648708876674
2020-08-21,High Volatility,drawdown,-0.006310137253468345
2020-08-24,High Volatility,drawdown,-0.005171578302161776
2020-08-25,High Volatility,drawdown,0.0
2020-08-26,High Volatility,drawdown,0.0
2020-08-27,High Volatility,drawdown,-0.012593370551168104
2020-08-28,High Volatility,drawdown,-0.0032256884483062537
2020-08-31,High Volatility,drawdown,0.0
2020-09-01,High Volatility,drawdown,0.0
2020-09-02,High Volatility,drawdown,0.0
2020-09-03,High Volatility,drawdown,-0.07104396843532043
2020-09-04,High Volatility,drawdown,-0.09686443383922895
2020-09-08,High Volatility,drawdown,-0.14585191506011574
2020-09-09,High Volatility,drawdown,-0.11736942861183597
2020-09-10,High Volatility,drawdown,-0.13378576418179058
2020-09-11,High Volatility,drawdown,-0.14202907509459523
2020-09-14,High Volatility,drawdown,-0.11239992796872059
2020-09-15,High Volatility,drawdown,-0.09562537347680149
2020-09-16,High Volatility,drawdown,-0.10332979776474777
2020-09-17,High Volatility,drawdown,-0.1197565103164176
2020-09-18,High Volatility,drawdown,-0.11834392943016325
2020-09-21,High Volatility,drawdown,-0.10120461880416697
2020-09-22,High Volatility,drawdown,-0.0868803609615913
2020-09-23,High Volatility,drawdown,-0.11536950508825883
2020-09-24,High Volatility,drawdown,-0.1200509534011763
2020-09-25,High Volatility,drawdown,-0.09136919780709185
2020-09-28,High Volatility,drawdown,-0.06984662787618376
2020-09-29,High Volatility,drawdown,-0.0658382141407354
2020-09-30,High Volatility,drawdown,-0.05318722126058982
2020-10-01,High Volatility,drawdown,-0.02780767263958515
2020-10-02,High Volatility,drawdown,-0.04637250766351626
2020-10-05,High Volatility,drawdown,-0.014578613026690047
2020-10-06,High Volatility,drawdown,-0.022281741798653457
2020-10-07,High Volatility,drawdown,0.0
2020-10-08,High Volatility,drawdown,0.0
2020-10-09,High Volatility,drawdown,0.0
2020-10-12,High Volatility,drawdown,0.0
2020-10-13,High Volatility,drawdown,0.0
2020-10-14,High Volatility,drawdown,-0.005165315614308795
2020-10-15,High Volatility,drawdown,-0.006812704616490485
2020-10-16,High Volatility,drawdown,-0.009488563121940099
2020-10-19,High Volatility,drawdown,-0.018823379644895083
2020-10-20,High Volatility,drawdown,-0.021629106382563414
2020-10-21,High Volatility,drawdown,-0.04488192510275831
2020-10-22,High Volatility,drawdown,-0.04847406514435867
2020-10-23,High Volatility,drawdown,-0.04298908852146892
2020-10-26,High Volatility,drawdown,-0.05787710695994885
2020-10-27,High Volatility,drawdown,-0.05055994503861012
2020-10-28,High Volatility,drawdown,-0.08126718347380159
2020-10-29,High Volatility,drawdown,-0.06810949015599038
2020-10-30,High Volatility,drawdown,-0.10540487329385081
2020-11-02,High Volatility,drawdown,-0.09571300406442955
2020-11-03,High Volatility,drawdown,-0.08311069867468757
2020-11-04,High Volatility,drawdown,-0.032780685933395615
2020-11-05,High Volatility,drawdown,0.0
2020-11-06,High Volatility,drawdown,0.0
2020-11-09,High Volatility,drawdown,-0.04703004579082172
2020-11-10,High Volatility,drawdown,-0.0775441055584041
2020-11-11,High Volatility,drawdown,-0.03784994458944688
2020-11-12,High Volatility,drawdown,-0.02686181197925921
2020-11-13,High Volatility,drawdown,-0.02739542468734378
2020-11-16,High Volatility,drawdown,-0.016201917310738948
2020-11-17,High Volatility,drawdown,-0.012527615216237666
2020-11-18,High Volatility,drawdown,-0.0182885897737893
2020-11-19,High Volatility,drawdown,0.0
2020-11-20,High Volatility,drawdown,0.0
2020-11-23,High Volatility,drawdown,0.0
2020-11-24,High Volatility,drawdown,0.0
2020-11-25,High Volatility,drawdown,0.0
2020-11-27,High Volatility,drawdown,0.0
2020-11-30,High Volatility,drawdown,0.0
2020-12-01,High Volatility,drawdown,-0.012582267325747541
2020-12-02,High Volatility,drawdown,-0.00988812923434954
2020-12-03,High Volatility,drawdown,0.0
2020-12-04,High Volatility,drawdown,0.0
2020-12-07,High Volatility,drawdown,0.0
2020-12-08,High Volatility,drawdown,0.0
2020-12-09,High Volatility,drawdown,-0.03803133380119869
2020-12-10,High Volatility,drawdown,-0.013277583344931152
2020-12-11,High Volatility,drawdown,-0.013998325456541888
2020-12-14,High Volatility,drawdown,-0.009398436174232257
2020-12-15,High Volatility,drawdown,0.0
2020-12-16,High Volatility,drawdown,0.0
2020-12-17,High Volatility,drawdown,0.0
2020-12-18,High Volatility,drawdown,0.0
2020-12-21,High Volatility,drawdown,0.0
2020-12-22,High Volatility,drawdown,0.0
2020-12-23,High Volatility,drawdown,-0.011637516042411013
2020-12-24,High Volatility,drawdown,-0.014283418675615734
2020-12-28,High Volatility,drawdown,-0.03944289591662186
2020-12-29,High Volatility,drawdown,-0.036316548567909494
2020-12-30,High Volatility,drawdown,-0.018964368486412995
2020-12-31,High Volatility,drawdown,-0.02756473803582771
2021-01-04,High Volatility,drawdown,-0.03562775308085969
2021-01-05,High Volatility,drawdown,-0.013473561445377478
2021-01-06,High Volatility,drawdown,-0.02323129108239454
2021-01-07,High Volatility,drawdown,0.0
2021-01-08,High Volatility,drawdown,0.0
2021-01-11,High Volatility,drawdown,-0.004080186940228636
2021-01-12,High Volatility,drawdown,0.0
2021-01-13,High Volatility,drawdown,0.0
2021-01-14,High Volatility,drawdown,0.0
2021-01-15,High Volatility,drawdown,-0.02535147124765067
2021-01-19,High Volatility,drawdown,0.0
2021-01-20,High Volatility,drawdown,0.0
2021-01-21,High Volatility,drawdown,0.0
2021-01-22,High Volatility,drawdown,0.0
2021-01-25,High Volatility,drawdown,0.0
2021-01-26,High Volatility,drawdown,-0.027730495329697482
2021-01-27,High Volatility,drawdown,-0.06593012058684108
2021-01-28,High Volatility,drawdown,-0.0408850030938125
2021-01-29,High Volatility,drawdown,-0.062494152793677725
2021-02-01,High Volatility,drawdown,-0.03390040939696334
2021-02-02,High Volatility,drawdown,-0.008533448676040554
2021-02-03,High Volatility,drawdown,-0.010558429929499435
2021-02-04,High Volatility,drawdown,0.0
2021-02-05,High Volatility,drawdown,0.0
2021-02-08,High Volatility,drawdown,0.0
2021-02-09,High Volatility,drawdown,0.0
2021-02-10,High Volatility,drawdown,0.0
2021-02-11,High Volatility,drawdown,0.0
2021-02-12,High Volatility,drawdown,0.0
2021-02-16,High Volatility,drawdown,-0.0029936891938025256
2021-02-17,High Volatility,drawdown,-0.018974033946846117
2021-02-18,High Volatility,drawdown,-0.033009159991685695
2021-02-19,High Volatility,drawdown,-0.01851718569165495
2021-02-22,High Volatility,drawdown,-0.07107904740394784
2021-02-23,High Volatility,drawdown,-0.08509266169229211
2021-02-24,High Volatility,drawdown,-0.07629458325235758
2021-02-25,High Volatility,drawdown,-0.12880966122517232
2021-02-26,High Volatility,drawdown,-0.11719210623445941
2021-03-01,High Volatility,drawdown,-0.07634599042610389
2021-03-02,High Volatility,drawdown,-0.11102375958296339
2021-03-03,High Volatility,drawdown,-0.15533683870640227
2021-03-04,High Volatility,drawdown,-0.1960774384872882
2021-03-05,High Volatility,drawdown,-0.19778889803290256
2021-03-08,High Volatility,drawdown,-0.24406435657440242
2021-03-09,High Volatility,drawdown,-0.17852554558460704
2021-03-10,High Volatility,drawdown,-0.1854785084076396
2021-03-11,High Volatility,drawdown,-0.1397245912356124
2021-03-12,High Volatility,drawdown,-0.15506554084024082
2021-03-15,High Volatility,drawdown,-0.1439602860916749
2021-03-16,High Volatility,drawdown,-0.14993863650173614
2021-03-17,High Volatility,drawdown,-0.14387962741582533
2021-03-18,High Volatility,drawdown,-0.19001346631901134
2021-03-19,High Volatility,drawdown,-0.17941102675515921
2021-03-22,High Volatility,drawdown,-0.16720942602842054
2021-03-23,High Volatility,drawdown,-0.18209150301039023
2021-03-24,High Volatility,drawdown,-0.21888523060594306
2021-03-25,High Volatility,drawdown,-0.22273482314997978
2021-03-26,High Volatility,drawdown,-0.2099609849147988
2021-03-29,High Volatility,drawdown,-0.225520432526469
2021-03-30,High Volatility,drawdown,-0.21663091908845786
2021-03-31,High Volatility,drawdown,-0.18716907809568925
2021-04-01,High Volatility,drawdown,-0.16559810475852982
2021-04-05,High Volatility,drawdown,-0.16523774681752532
2021-04-06,High Volatility,drawdown,-0.1519712003796334
2021-04-07,High Volatility,drawdown,-0.16581232919625435
2021-04-08,High Volatility,drawdown,-0.146226734960288
2021-04-09,High Volatility,drawdown,-0.14761716725594665
2021-04-12,High Volatility,drawdown,-0.1501801205740484
2021-04-13,High Volatility,drawdown,-0.12741425400191156
2021-04-14,High Volatility,drawdown,-0.14089371493562933
2021-04-15,High Volatility,drawdown,-0.12754209094060218
2021-04-16,High Volatility,drawdown,-0.13098220185741732
2021-04-19,High Volatility,drawdown,-0.1507183444125129
2021-04-20,High Volatility,drawdown,-0.16581158260932774
2021-04-21,High Volatility,drawdown,-0.14719403834489392
2021-04-22,High Volatility,drawdown,-0.1486074925568868
2021-04-23,High Volatility,drawdown,-0.12719192204643928
2021-04-26,High Volatility,drawdown,-0.10723772525262444
2021-04-27,High Volatility,drawdown,-0.11257702827727613
2021-04-28,High Volatility,drawdown,-0.11895813162932911
2021-04-29,High Volatility,drawdown,-0.13382033502601814
2021-04-30,High Volatility,drawdown,-0.14665356016377473
2021-05-03,High Volatility,drawdown,-0.1607173747519184
2021-05-04,High Volatility,drawdown,-0.18814393460291703
2021-05-05,High Volatility,drawdown,-0.19746379487103063
2021-05-06,High Volatility,drawdown,-0.21142953286587424
2021-05-07,High Volatility,drawdown,-0.1986004291533055
2021-05-10,High Volatility,drawdown,-0.23370048168089597
2021-05-11,High Volatility,drawdown,-0.22081815912058816
2021-05-12,High Volatility,drawdown,-0.249956480044914
2021-05-13,High Volatility,drawdown,-0.26183754825149774
2021-05-14,High Volatility,drawdown,-0.23261008094715915
2021-05-17,High Volatility,drawdown,-0.23635352676125201
2021-05-18,High Volatility,drawdown,-0.22995427726125642
2021-05-19,High Volatility,drawdown,-0.2257624861976138
2021-05-20,High Volatility,drawdown,-0.196009555023361
2021-05-21,High Volatility,drawdown,-0.19989501837465387
2021-05-24,High Volatility,drawdown,-0.18334669149413163
2021-05-25,High Volatility,drawdown,-0.18268079906411439
2021-05-26,High Volatility,drawdown,-0.17207459604435266
2021-05-27,High Volatility,drawdown,-0.17067439066445797
2021-05-28,High Volatility,drawdown,-0.1659329623450149
2021-06-01,High Volatility,drawdown,-0.15951727095301904
2021-06-02,High Volatility,drawdown,-0.16087475501991874
2021-06-03,High Volatility,drawdown,-0.1817106375399573
2021-06-04,High Volatility,drawdown,-0.1648625505759674
2021-06-07,High Volatility,drawdown,-0.1567668692208792
2021-06-08,High Volatility,drawdown,-0.15546837356822274
2021-06-09,High Volatility,drawdown,-0.16061619788138423
2021-06-10,High Volatility,drawdown,-0.1463924106207463
2021-06-11,High Volatility,drawdown,-0.13738428509252973
2021-06-14,High Volatility,drawdown,-0.12716659594017354
2021-06-15,High Volatility,drawdown,-0.14164683171669346
2021-06-16,High Volatility,drawdown,-0.13909272990975258
2021-06-17,High Volatility,drawdown,-0.11483279656608981
2021-06-18,High Volatility,drawdown,-0.11593581155448542
2021-06-21,High Volatility,drawdown,-0.11562814895831275
2021-06-22,High Volatility,drawdown,-0.10285078406609395
2021-06-23,High Volatility,drawdown,-0.09558058583516063
2021-06-24,High Volatility,drawdown,-0.0822684966889805
2021-06-25,High Volatility,drawdown,-0.07960133482620436
2021-06-28,High Volatility,drawdown,-0.060615849375882706
2021-06-29,High Volatility,drawdown,-0.05177344537504445
2021-06-30,High Volatility,drawdown,-0.05777345022161016
2021-07-01,High Volatility,drawdown,-0.06745702046252386
2021-07-02,High Volatility,drawdown,-0.06571175214316921
2021-07-06,High Volatility,drawdown,-0.06431577496304136
2021-07-07,High Volatility,drawdown,-0.07955044020199876
2021-07-08,High Volatility,drawdown,-0.08828803931050686
2021-07-09,High Volatility,drawdown,-0.07428105883380998
2021-07-12,High Volatility,drawdown,-0.07115592577606027
2021-07-13,High Volatility,drawdown,-0.07506021013632101
2021-07-14,High Volatility,drawdown,-0.09438208901771243
2021-07-15,High Volatility,drawdown,-0.10296597412601968
2021-07-16,High Volatility,drawdown,-0.11061732022113557
2021-07-19,High Volatility,drawdown,-0.10520400137222616
2021-07-20,High Volatility,drawdown,-0.08880959636105579
2021-07-21,High Volatility,drawdown,-0.07033458155934016
2021-07-22,High Volatility,drawdown,-0.06526654051893108
2021-07-23,High Volatility,drawdown,-0.05899494805362015
2021-07-26,High Volatility,drawdown,-0.07358435193627982
2021-07-27,High Volatility,drawdown,-0.09594476777778045
2021-07-28,High Volatility,drawdown,-0.06951340279275552
2021-07-29,High Volatility,drawdown,-0.06522442595743436
2021-07-30,High Volatility,drawdown,-0.07035136216518852
2021-08-02,High Volatility,drawdown,-0.06585308731317754
2021-08-03,High Volatility,drawdown,-0.05844391801724664
2021-08-04,High Volatility,drawdown,-0.045921072771276945
2021-08-05,High Volatility,drawdown,-0.03622339772823076
2021-08-06,High Volatility,drawdown,-0.048650291505197875
2021-08-09,High Volatility,drawdown,-0.03825574521176735
2021-08-10,High Volatility,drawdown,-0.05291999855982045
2021-08-11,High Volatility,drawdown,-0.06731314111864538
2021-08-12,High Volatility,drawdown,-0.06843544742765333
2021-08-13,High Volatility,drawdown,-0.07365104156419594
2021-08-16,High Volatility,drawdown,-0.09194502024740164
2021-08-17,High Volatility,drawdown,-0.10297575305277688
2021-08-18,High Volatility,drawdown,-0.10736257918854775
2021-08-19,High Volatility,drawdown,-0.11501034635576998
2021-08-20,High Volatility,drawdown,-0.10748882008770393
2021-08-23,High Volatility,drawdown,-0.08071496625185597
2021-08-24,High Volatility,drawdown,-0.0599975952434208
2021-08-25,High Volatility,drawdown,-0.05526667509839872
2021-08-26,High Volatility,drawdown,-0.061280595869383635
2021-08-27,High Volatility,drawdown,-0.04806757095437647
2021-08-30,High Volatility,drawdown,-0.040747696524409835
2021-08-31,High Volatility,drawdown,-0.04590561866521742
2021-09-01,High Volatility,drawdown,-0.03746570257754491
2021-09-02,High Volatility,drawdown,-0.03471656943529663
2021-09-03,High Volatility,drawdown,-0.027508655620546687
2021-09-07,High Volatility,drawdown,-0.02861304751141876
2021-09-08,High Volatility,drawdown,-0.04845168383226501
2021-09-09,High Volatility,drawdown,-0.04737482145818584
2021-09-10,High Volatility,drawdown,-0.05658120698528655
2021-09-13,High Volatility,drawdown,-0.06347440958064747
2021-09-14,High Volatility,drawdown,-0.06775192728932238
2021-09-15,High Volatility,drawdown,-0.06212755310267119
2021-09-16,High Volatility,drawdown,-0.058198486520043134
2021-09-17,High Volatility,drawdown,-0.05682059650098104
2021-09-20,High Volatility,drawdown,-0.08948495204563989
2021-09-21,High Volatility,drawdown,-0.0865247002271588
2021-09-22,High Volatility,drawdown,-0.06739162572729296
2021-09-23,High Volatility,drawdown,-0.057704703810556215
2021-09-24,High Volatility,drawdown,-0.07146499575489917
2021-09-27,High Volatility,drawdown,-0.0756694097098102
2021-09-28,High Volatility,drawdown,-0.11452633356268103
2021-09-29,High Volatility,drawdown,-0.12604237025519247
2021-09-30,High Volatility,drawdown,-0.12010071410978665
2021-10-01,High Volatility,drawdown,-0.11835622573976615
2021-10-04,High Volatility,drawdown,-0.14939618318510453
2021-10-05,High Volatility,drawdown,-0.13157353173911152
2021-10-06,High Volatility,drawdown,-0.12653668904025003
2021-10-07,High Volatility,drawdown,-0.1068670057444655
2021-10-08,High Volatility,drawdown,-0.11359959396081915
2021-10-11,High Volatility,drawdown,-0.11603749760774903
2021-10-12,High Volatility,drawdown,-0.10863655226549593
2021-10-13,High Volatility,drawdown,-0.08497709922418437
2021-10-14,High Volatility,drawdown,-0.06942084021376728
2021-10-15,High Volatility,drawdown,-0.06536452164411881
2021-10-18,High Volatility,drawdown,-0.04454873928567428
2021-10-19,High Volatility,drawdown,-0.033847913912204
2021-10-20,High Volatility,drawdown,-0.037551359795044814
2021-10-21,High Volatility,drawdown,-0.03246720125870668
2021-10-22,High Volatility,drawdown,-0.041173328243365975
2021-10-25,High Volatility,drawdown,-0.025920367701783572
2021-10-26,High Volatility,drawdown,-0.033737338827485315
2021-10-27,High Volatility,drawdown,-0.03879480080291832
2021-10-28,High Volatility,drawdown,-0.025306697014906513
2021-10-29,High Volatility,drawdown,-0.025806085298458403
2021-11-01,High Volatility,drawdown,-0.005977718840745433
2021-11-02,High Volatility,drawdown,-0.007313717566066714
2021-11-03,High Volatility,drawdown,0.0
2021-11-04,High Volatility,drawdown,0.0
2021-11-05,High Volatility,drawdown,-0.009457173279514198
2021-11-08,High Volatility,drawdown,0.0
2021-11-09,High Volatility,drawdown,-0.008111276411524707
2021-11-10,High Volatility,drawdown,-0.03578656166375393
2021-11-11,High Volatility,drawdown,-0.020570777678516623
2021-11-12,High Volatility,drawdown,-0.002928730445027098
2021-11-15,High Volatility,drawdown,-0.010691946202144163
2021-11-16,High Volatility,drawdown,0.0
2021-11-17,High Volatility,drawdown,-0.015901567642270666
2021-11-18,High Volatility,drawdown,-0.02079606658573142
2021-11-19,High Volatility,drawdown,-0.024961486535854328
2021-11-22,High Volatility,drawdown,-0.052412408374996194
2021-11-23,High Volatility,drawdown,-0.06818771266658953
2021-11-24,High Volatility,drawdown,-0.05709090753753429
2021-11-26,High Volatility,drawdown,-0.06538432669640372
2021-11-29,High Volatility,drawdown,-0.053086796822647324
2021-11-30,High Volatility,drawdown,-0.07785018330138299
2021-12-01,High Volatility,drawdown,-0.12314247991634494
2021-12-02,High Volatility,drawdown,-0.11641744177559363
2021-12-03,High Volatility,drawdown,-0.16457407889633321
2021-12-06,High Volatility,drawdown,-0.16404908289134398
2021-12-07,High Volatility,drawdown,-0.1235957968513221
2021-12-08,High Volatility,drawdown,-0.10547341292212978
2021-12-09,High Volatility,drawdown,-0.1363079160728787
2021-12-10,High Volatility,drawdown,-0.14379476394202736
2021-12-13,High Volatility,drawdown,-0.15964437977681295
2021-12-14,High Volatility,drawdown,-0.17142943314503475
2021-12-15,High Volatility,drawdown,-0.15435327911075547
2021-12-16,High Volatility,drawdown,-0.18233258144738618
2021-12-17,High Volatility,drawdown,-0.17072013797943442
2021-12-20,High Volatility,drawdown,-0.19323191698288128
2021-12-21,High Volatility,drawdown,-0.15400710398608702
2021-12-22,High Volatility,drawdown,-0.1554772425941019
2021-12-23,High Volatility,drawdown,-0.1486899470980005
2021-12-27,High Volatility,drawdown,-0.14251389345108492
2021-12-28,High Volatility,drawdown,-0.15552688509451812
2021-12-29,High Volatility,drawdown,-0.1606093949420698
2021-12-30,High Volatility,drawdown,-0.14376068862495048
2021-12-31,High Volatility,drawdown,-0.1542593655169092
2022-01-03,High Volatility,drawdown,-0.15015051248221697
2022-01-04,High Volatility,drawdown,-0.1825304596462311
2022-01-05,High Volatility,drawdown,-0.22810449837768407
2022-01-06,High Volatility,drawdown,-0.22204515056955318
2022-01-07,High Volatility,drawdown,-0.23677135380759687
2022-01-10,High Volatility,drawdown,-0.2322895107079743
2022-01-11,High Volatility,drawdown,-0.21139147599356994
2022-01-12,High Volatility,drawdown,-0.2105713895999375
2022-01-13,High Volatility,drawdown,-0.24955251182967134
2022-01-14,High Volatility,drawdown,-0.2421506801833517
2022-01-18,High Volatility,drawdown,-0.2706316272373414
2022-01-19,High Volatility,drawdown,-0.28453381203344297
2022-01-20,High Volatility,drawdown,-0.28997252189434725
2022-01-21,High Volatility,drawdown,-0.3288588441392849
2022-01-24,High Volatility,drawdown,-0.32252856625484577
2022-01-25,High Volatility,drawdown,-0.3502606266573087
2022-01-26,High Volatility,drawdown,-0.3595041248368092
2022-01-27,High Volatility,drawdown,-0.37981215493336884
2022-01-28,High Volatility,drawdown,-0.3549746694420858
2022-01-31,High Volatility,drawdown,-0.3003697391878386
2022-02-01,High Volatility,drawdown,-0.28938954783973275
2022-02-02,High Volatility,drawdown,-0.31056945480460457
2022-02-03,High Volatility,drawdown,-0.34169370327842097
2022-02-04,High Volatility,drawdown,-0.3214019906906207
2022-02-07,High Volatility,drawdown,-0.3252008927827503
2022-02-08,High Volatility,drawdown,-0.3111458673749429
2022-02-09,High Volatility,drawdown,-0.2797984490190038
2022-02-10,High Volatility,drawdown,-0.29216255852520545
2022-02-11,High Volatility,drawdown,-0.322364780106277
2022-02-14,High Volatility,drawdown,-0.33018991633393685
2022-02-15,High Volatility,drawdown,-0.29559223689037806
2022-02-16,High Volatility,drawdown,-0.3103920858398203
2022-02-17,High Volatility,drawdown,-0.3451963624109376
2022-02-18,High Volatility,drawdown,-0.3706999401095231
2022-02-22,High Volatility,drawdown,-0.3821791514681758
2022-02-23,High Volatility,drawdown,-0.4050109712565434
2022-02-24,High Volatility,drawdown,-0.3647805469569875
2022-02-25,High Volatility,drawdown,-0.3529602019195271
2022-02-28,High Volatility,drawdown,-0.33569921734743435
2022-03-01,High Volatility,drawdown,-0.3492702327282651
2022-03-02,High Volatility,drawdown,-0.3477855782680804
2022-03-03,High Volatility,drawdown,-0.37894153113881657
2022-03-04,High Volatility,drawdown,-0.4048061976011996
2022-03-07,High Volatility,drawdown,-0.4377308253362772
2022-03-08,High Volatility,drawdown,-0.43656326695810527
2022-03-09,High Volatility,drawdown,-0.40102092477851503
2022-03-10,High Volatility,drawdown,-0.42398680325433286
2022-03-11,High Volatility,drawdown,-0.4551845913112798
2022-03-14,High Volatility,drawdown,-0.4819564194149269
2022-03-15,High Volatility,drawdown,-0.4596488305481043
2022-03-16,High Volatility,drawdown,-0.39585030763435597
2022-03-17,High Volatility,drawdown,-0.3824804960474028
2022-03-18,High Volatility,drawdown,-0.3532896049328614
2022-03-21,High Volatility,drawdown,-0.36781068074283857
2022-03-22,High Volatility,drawdown,-0.3396235246476847
2022-03-23,High Volatility,drawdown,-0.3500239259386092
2022-03-24,High Volatility,drawdown,-0.3382958706047806
2022-03-25,High Volatility,drawdown,-0.35418329052152014
2022-03-28,High Volatility,drawdown,-0.339035128619771
2022-03-29,High Volatility,drawdown,-0.3146667642133088
2022-03-30,High Volatility,drawdown,-0.3341415663503138
2022-03-31,High Volatility,drawdown,-0.35264658341237404
